Portfolio,Geography,Category,Brand,Segment,Initial Sales,Margin,Min Trend,Max Trend,Min Contribution,Max Contribution
ACME,Africa,Hair,Balmain,Mascara,523959,46,-0.03479401240053752,0.06916141453140337,0.08006437895080411,0.18390340600453403
ACME,Europe,Skincare,Balmain,Mascara,222996,43,-0.08653408386155431,0.05074587279835238,0.01507403721614972,0.1796385576280279
ACME,Europe,Fragrance,Balmain,Fragrance,909105,43,-0.04813849683646659,0.1516809680702998,0.05725574831716261,0.4762581373442095
ACME,Africa,Skincare,Elizabeth Arden,Face Cream,509479,12,-0.023192601418938003,0.13248625806907424,0.017503980660876547,0.40461661923044356
ACME,Africa,Hair,Balmain,Toner,421998,26,-0.08357020160475277,0.09964443565376727,0.08535608731526365,0.37849223740965754
ACME,Africa,Skincare,Bobbi Brown,Foundation,586070,23,-0.024674046140418127,0.07534582250568356,0.06517125649467746,0.19557152683114346
ACME,North America,Tools,Frederic Malle,Hair Dye,475360,23,-0.02392054908466021,0.12000729836058534,0.025520422021576165,0.1474293732163802
ACME,Asia,Makeup,Elizabeth Arden,Hair Dye,720373,47,-0.09400733517695452,0.06504297087183586,0.01186672085255807,0.44833304851414
ACME,North America,Hair,Aveda,Bronzer,907148,44,-0.09812156739128182,0.10041627338317147,0.012842291093177857,0.10235182773698037
ACME,Asia,Hair,Balmain,Foundation,511525,10,-0.002606459401180511,0.10688178593534517,0.055662892485834684,0.25523856948040785
ACME,North America,Hair,Frederic Malle,Eye Liner,914462,38,-0.0806617340501175,0.11984280422569434,0.07609361308090964,0.21104500118453343
ACME,South America,Hair,Frederic Malle,Bronzer,868468,13,-0.017786079089989706,0.11999311270082703,0.020875640620056327,0.32815048013952947
ACME,Asia,Skincare,Elizabeth Arden,Bronzer,307486,42,-0.04381493469547015,0.08855084652114159,0.029915565932346178,0.20020337435433389
ACME,Europe,Tools,Aveda,Mascara,95745,26,-0.07355278424630032,0.17753164724029818,0.039453395065257905,0.2244821437313232
ACME,Asia,Fragrance,Bobbi Brown,Foundation,948481,37,-0.08700295633811875,0.10333152593851185,0.029626910385503774,0.44001594199727745
ACME,Asia,Tools,Frederic Malle,Toner,244648,35,-0.050332272642227255,0.08443809633387746,0.04522029064184428,0.3412755293618075
ACME,Asia,Hair,Frederic Malle,Bronzer,329540,17,-0.05926451883705502,0.07637148251158854,0.060365350518856865,0.15827301093174737
ACME,South America,Skincare,Frederic Malle,Face Cream,124836,43,-0.030111391488293213,0.09838675917550035,0.07164430734171784,0.3905886173983326
ACME,North America,Skincare,Frederic Malle,Eye Liner,116998,27,-0.009583145045227323,0.06013293244663016,0.09673976639865056,0.18298368059195136
ACME,Europe,Hair,Elizabeth Arden,Eye Liner,60021,40,-0.01947519130365616,0.05493612844714575,0.09377593027148752,0.2732019720449921
ACME,North America,Skincare,Aveda,Bronzer,472273,36,-0.07255479497951882,0.14077132952043017,0.06131142773460231,0.3586428947357173
ACME,North America,Hair,Frederic Malle,Face Cream,530410,25,-0.012106678154769429,0.14287207040737854,0.07607350508107193,0.2087718149829949
ACME,Africa,Tools,Bobbi Brown,Lipstick,140672,19,-0.016660868589539593,0.12943823039574348,0.09557849841628852,0.2536427258703169
ACME,South America,Makeup,Bobbi Brown,Fragrance,390703,49,-0.007086376627823174,0.16434277928475866,0.017512475008726436,0.39365983892166034
ACME,Africa,Skincare,Balmain,Fragrance,863268,21,-0.054133917896201235,0.0558725816415617,0.010507128387528623,0.4751643813697374
ACME,South America,Hair,Frederic Malle,Fragrance,954579,31,-0.023142482759060154,0.1903959662314202,0.012681978735662494,0.3116980227837892
ACME,North America,Hair,Frederic Malle,Mascara,754875,25,-0.04083419344763296,0.06425976848855908,0.060701442613566754,0.1039883886226491
ACME,North America,Skincare,Frederic Malle,Eye Liner,434018,21,-0.06894972474505168,0.15110344915903906,0.07865500827722807,0.2353855004967322
ACME,South America,Fragrance,Frederic Malle,Hair Dye,743121,20,-0.000556899745723663,0.0700094883411214,0.04303674556705312,0.2594537339382138
ACME,North America,Hair,Frederic Malle,Hair Dye,611305,29,-0.09616925331603388,0.1819858149961689,0.059071525725485685,0.23566944800089762
ACME,North America,Skincare,Bobbi Brown,Mascara,489969,10,-0.08377274274409253,0.1266069930417547,0.05647296866936832,0.2745075444462251
ACME,Europe,Hair,Aveda,Bronzer,775709,36,-0.010745763746810508,0.06234403115269641,0.01852938024328176,0.35306650152735986
ACME,Africa,Fragrance,Aveda,Foundation,721182,12,-0.09394371565873666,0.14250861690501104,0.03894294378016441,0.14845121079910129
ACME,Africa,Makeup,Balmain,Foundation,454819,21,-0.011317933265647825,0.051366491582330254,0.01174916396640718,0.2090522035470022
ACME,Africa,Fragrance,Bobbi Brown,Fragrance,374833,39,-0.028477852394179923,0.1664033267660367,0.019963511992585982,0.30305923440704985
ACME,Asia,Tools,Frederic Malle,Foundation,90291,18,-0.09633159946054577,0.14758774799691854,0.08306724006188,0.22622932327199005
ACME,Europe,Skincare,Aveda,Bronzer,886882,46,-0.05706799571458235,0.0818937124045261,0.08464721475234871,0.4964341352541438
ACME,Africa,Fragrance,Elizabeth Arden,Lipstick,700952,10,-0.02455285249977629,0.10621263742641407,0.08217516880405627,0.2725725868149953
ACME,Africa,Makeup,Elizabeth Arden,Mascara,590294,13,-0.041689971536920035,0.05117100417333354,0.0754136776857013,0.44791966143688655
ACME,Europe,Hair,Elizabeth Arden,Lipstick,953773,24,-0.00641287080355421,0.15405257224568075,0.08139815617599117,0.4586039342455458
ACME,North America,Skincare,Frederic Malle,Eye Liner,638556,36,-0.013235596708800007,0.0984002206264579,0.07038841071425667,0.43440279988894004
ACME,Africa,Fragrance,Frederic Malle,Foundation,322282,17,-0.06673523646658541,0.1357383372945079,0.07028500049346598,0.11875929637806713
ACME,North America,Makeup,Balmain,Fragrance,596686,32,-0.09153728044799098,0.19350914418716947,0.07006256177426273,0.47909869264534055
ACME,Africa,Fragrance,Balmain,Mascara,231163,24,-0.00557429603543487,0.09492000694213776,0.05626385107103838,0.15149702485327077
ACME,South America,Tools,Balmain,Fragrance,685234,36,-0.048271323223207346,0.19853568261309779,0.04270125101183601,0.11376145108571781
ACME,Asia,Skincare,Elizabeth Arden,Foundation,853660,40,-0.09256023756280515,0.14490925790113499,0.07571757395453994,0.265747843162623
ACME,Africa,Hair,Frederic Malle,Toner,859102,48,-0.01834243866407205,0.08631329994282574,0.03687814122280675,0.17785361310314243
ACME,South America,Makeup,Elizabeth Arden,Foundation,135613,17,-0.013149352931460884,0.11551668245318868,0.058861191832985736,0.17367861186529449
ACME,Europe,Fragrance,Balmain,Mascara,112071,39,-0.0360575359823429,0.16106796835753848,0.049002005819609326,0.21512784535046026
ACME,South America,Skincare,Frederic Malle,Hair Dye,515096,27,-0.05524910343136601,0.1169716861524622,0.0348960049384331,0.19936224209874195
ACME,Europe,Fragrance,Bobbi Brown,Mascara,120572,13,-0.03378269876764273,0.060276135101232864,0.0977220928407217,0.37391816086006124
ACME,Africa,Skincare,Aveda,Face Cream,782054,31,-0.02933163042948765,0.07529054920738136,0.033287648068163755,0.17471092265442803
ACME,Europe,Tools,Aveda,Foundation,148997,12,-0.010697004191403209,0.16869466186759186,0.0378363757350727,0.31724732207890344
ACME,South America,Fragrance,Balmain,Face Cream,799539,24,-0.004413831962526191,0.14725596135770921,0.024542875158226146,0.4945706184574119
ACME,Asia,Tools,Elizabeth Arden,Hair Dye,96388,44,-0.048567906760908865,0.13547382159982008,0.08406825627828615,0.2729529683825156
ACME,North America,Makeup,Bobbi Brown,Bronzer,630007,47,-0.020150546647343753,0.07514329561331021,0.06279304604990404,0.3567492435181746
ACME,North America,Tools,Frederic Malle,Bronzer,652306,42,-0.0035490444008345057,0.17566361680255094,0.06517353308251471,0.4877486710919495
ACME,Asia,Skincare,Elizabeth Arden,Eye Liner,824049,23,-0.0848756661853034,0.19411101643793754,0.08385052706191881,0.15505559921654571
ACME,North America,Makeup,Balmain,Lipstick,84258,10,-0.09817320183903233,0.05613306462360043,0.04086276927668915,0.26744280371721973
ACME,Africa,Fragrance,Elizabeth Arden,Hair Dye,846507,35,-0.013103622715170599,0.0617047805980783,0.02742700828421924,0.4400769600781017
ACME,Africa,Fragrance,Balmain,Mascara,661286,17,-0.08047266667528392,0.18270867549718472,0.027856482759451358,0.472922273097952
ACME,South America,Skincare,Aveda,Foundation,819063,25,-0.09575212333681991,0.17233283810481925,0.07593578393160334,0.34049442318356204
ACME,South America,Hair,Aveda,Face Cream,657408,47,-0.08399038623425555,0.14269016832669407,0.06527036390162028,0.15736824101608937
ACME,Europe,Hair,Elizabeth Arden,Eye Liner,727804,19,-0.061588508875623074,0.19174478134792072,0.028570499072388005,0.460588633579062
ACME,South America,Fragrance,Bobbi Brown,Fragrance,893590,46,-0.078073429840742,0.1469645866988005,0.02305588551763812,0.16977862647637704
ACME,Africa,Skincare,Frederic Malle,Foundation,519800,35,-0.0694746370899557,0.08239779135942552,0.020861857464577555,0.24115113933284743
ACME,South America,Hair,Balmain,Fragrance,411099,37,-0.00247059485699537,0.15929634855753505,0.0665018782932734,0.25020319110490474
ACME,North America,Tools,Frederic Malle,Face Cream,947212,21,-0.029559445583742502,0.1468565517118456,0.0100106780419765,0.27891661594905126
ACME,Europe,Fragrance,Aveda,Face Cream,580509,29,-0.0287808271746796,0.19786170530150443,0.011648740834318936,0.41606632637237984
ACME,Europe,Tools,Bobbi Brown,Foundation,158269,23,-0.09053146252720773,0.08208436045621878,0.045059782206348584,0.4208577512409939
ACME,Africa,Skincare,Bobbi Brown,Eye Liner,948638,44,-0.026790163017730836,0.13968274045438986,0.07222148778485463,0.3878620293112457
ACME,South America,Tools,Frederic Malle,Lipstick,378066,38,-0.02606556670446951,0.1670251283337684,0.07255354388476636,0.10885146976863265
ACME,North America,Hair,Aveda,Bronzer,43550,21,-0.03402549815933678,0.10084746340072562,0.04871064462469216,0.3259380408868606
ACME,South America,Hair,Frederic Malle,Face Cream,286786,27,-0.0771563704002125,0.10695193746473566,0.07219662459441127,0.39899718235256
ACME,Asia,Makeup,Elizabeth Arden,Eye Liner,947943,11,-0.05769638209178151,0.18318527574924814,0.0568986561622113,0.27785009602461713
ACME,South America,Fragrance,Bobbi Brown,Face Cream,640381,11,-0.015372354533037466,0.11062923194133222,0.09792382751175839,0.4779744181461586
ACME,Africa,Skincare,Bobbi Brown,Toner,427799,26,-0.032979837065937365,0.1437099277843422,0.02462141924531498,0.42952420875214037
ACME,South America,Fragrance,Elizabeth Arden,Bronzer,271188,19,-0.026723116500009775,0.18338572062902386,0.06406005409350451,0.35526202619473235
ACME,Europe,Tools,Aveda,Face Cream,628173,27,-0.041262559987419116,0.08147398746358421,0.054211489835590335,0.12497007347300536
ACME,North America,Skincare,Bobbi Brown,Eye Liner,613826,31,-0.05504134008882216,0.1972815944528909,0.027501971019192502,0.36093849903325526
ACME,Africa,Skincare,Balmain,Face Cream,334158,28,-0.024094798993289174,0.1552930300955489,0.07749913889275331,0.46463184050088757
ACME,Asia,Hair,Balmain,Fragrance,815955,10,-0.0932074185633695,0.12441825412121674,0.034795721793879575,0.2517781547523806
ACME,North America,Tools,Aveda,Foundation,382429,33,-0.032683926721973594,0.11463808465264966,0.04435388371841875,0.43525301024214447
ACME,North America,Hair,Elizabeth Arden,Foundation,735903,45,-0.00027954921493208995,0.1931546923327257,0.04373475126287771,0.22526445714487162
ACME,Europe,Hair,Frederic Malle,Face Cream,640167,34,-0.02198080705319684,0.08085872412944996,0.031978402586915394,0.3280413166189211
ACME,Europe,Makeup,Aveda,Eye Liner,100629,45,-0.07094364884225447,0.0967524885268942,0.04876347985285647,0.35936976734831294
ACME,Europe,Hair,Frederic Malle,Fragrance,517704,40,-0.07221805052946195,0.09616891333218872,0.052601129283485655,0.371198015023558
ACME,Africa,Fragrance,Aveda,Lipstick,348974,40,-0.03327813894065411,0.09335095021016954,0.07697995055283768,0.45301972578573924
ACME,South America,Skincare,Balmain,Lipstick,317682,11,-0.010414574299146967,0.12028070678235339,0.07885617169393334,0.19384890680251285
ACME,North America,Hair,Elizabeth Arden,Fragrance,319454,28,-0.042205025915215716,0.19837688499017503,0.02427003714624959,0.2049478341155899
ACME,South America,Fragrance,Balmain,Mascara,938412,21,-0.04725977128299417,0.1833180150074326,0.06334950693947788,0.38161639732429475
ACME,South America,Tools,Elizabeth Arden,Eye Liner,125266,19,-0.08396158661563287,0.09919243524822294,0.0906578018451456,0.17087752499361525
ACME,Europe,Skincare,Frederic Malle,Lipstick,198362,40,-0.02845430446401835,0.11343051735952066,0.019790794799610475,0.28570816198558413
ACME,South America,Tools,Aveda,Mascara,456850,31,-0.029770138036210925,0.15042211195788974,0.05256226400807248,0.10801375363088606
ACME,North America,Fragrance,Bobbi Brown,Eye Liner,809131,32,-0.0033048607666152363,0.05257275210449212,0.07753178101675084,0.15639173479604565
ACME,North America,Tools,Bobbi Brown,Fragrance,241241,32,-0.06998078156943356,0.1730230488028472,0.0650342200944109,0.37153855401154456
ACME,Asia,Tools,Elizabeth Arden,Mascara,261249,24,-0.02435545236324682,0.18196970859678796,0.01905270909369615,0.3989846413927016
ACME,Africa,Tools,Elizabeth Arden,Mascara,76912,35,-0.056593473880237104,0.17858005014868011,0.045694551281587524,0.14612761329515075
ACME,South America,Hair,Balmain,Face Cream,679615,12,-0.044152720838386506,0.10625815803283044,0.05565155483951777,0.1910838201644788
ACME,Africa,Hair,Bobbi Brown,Hair Dye,89183,32,-0.018354614439944184,0.11929992610463123,0.09962610415446457,0.13956177861482044
ACME,Africa,Hair,Balmain,Hair Dye,70282,29,-0.07780049549810245,0.051858248285563374,0.026074711839128753,0.27336513757004677
ACME,Africa,Skincare,Frederic Malle,Eye Liner,68249,49,-0.06571312604725851,0.10990930220653264,0.09841813904441013,0.15044642829785332
ACME,Africa,Fragrance,Bobbi Brown,Face Cream,572464,48,-0.0226691329802403,0.11906402335499024,0.04385348058064996,0.27491840686675606
ACME,North America,Hair,Frederic Malle,Foundation,542451,17,-0.04295420847121391,0.1860461439602718,0.028028843746643925,0.3928393023204527
ACME,South America,Tools,Aveda,Bronzer,850642,27,-0.09075770830949298,0.18409815106358712,0.047269817391159645,0.37335545325736696
ACME,Asia,Tools,Balmain,Bronzer,133844,15,-0.056981413322148705,0.19491455961318643,0.06525956116313354,0.2121841947407381
ACME,Africa,Tools,Elizabeth Arden,Mascara,376731,36,-0.041336668702698365,0.18276574776357807,0.02921476545198963,0.36950501969877303
ACME,Asia,Tools,Bobbi Brown,Toner,765640,45,-0.009048268355494743,0.051230106414146846,0.0362295174971915,0.4710848523598308
ACME,North America,Makeup,Balmain,Lipstick,344123,24,-0.08115119500613614,0.14621912784983299,0.08690918515617609,0.23900975483396622
ACME,North America,Skincare,Elizabeth Arden,Lipstick,613148,46,-0.019404703162251707,0.06023565246545612,0.0999108515501981,0.23164766147904264
ACME,Europe,Fragrance,Aveda,Face Cream,162215,14,-0.08693755169234087,0.09088914295699782,0.038635542234858385,0.32857546059280696
ACME,Africa,Fragrance,Bobbi Brown,Hair Dye,801352,48,-0.07577643399241929,0.13674614442058708,0.023397112355494624,0.19820072441098874
ACME,Europe,Hair,Frederic Malle,Toner,617199,18,-0.0756656116509877,0.15509207276113085,0.08138537379946374,0.36063157119210076
ACME,Asia,Makeup,Aveda,Face Cream,834428,16,-0.012252080409116739,0.14819480388756429,0.06404101185476307,0.4329047082689924
ACME,South America,Fragrance,Elizabeth Arden,Mascara,414964,29,-0.0800982307985013,0.05735875511129648,0.019036102903804104,0.2837274020394528
ACME,Europe,Skincare,Bobbi Brown,Toner,366215,19,-0.021303927301459094,0.06554058043543282,0.0952094333292419,0.371802929971353
ACME,North America,Tools,Bobbi Brown,Lipstick,57252,35,-0.05381934659803801,0.06928802193969101,0.01702445755599028,0.36075416955319817
ACME,Africa,Hair,Aveda,Eye Liner,919166,13,-9.092322026892086e-05,0.06371215651545367,0.0662820761470277,0.11546622473903581
ACME,Asia,Skincare,Bobbi Brown,Mascara,466395,47,-0.01609085013478946,0.07673516349039834,0.048154353030422335,0.17336651807031056
ACME,North America,Fragrance,Elizabeth Arden,Face Cream,933954,33,-0.0260296865552182,0.1532731686967339,0.060096152641594236,0.45741200072725197
ACME,South America,Makeup,Aveda,Foundation,62756,23,-0.012927369334780447,0.17462558767387296,0.029189277609413,0.47555685894600774
ACME,Africa,Hair,Frederic Malle,Fragrance,846667,10,-0.03659696073949664,0.11132208351101155,0.07192993593255866,0.4121758559644709
ACME,South America,Fragrance,Aveda,Mascara,362690,26,-0.015634774347150243,0.15391722596425156,0.09637477202200058,0.46849925933107783
ACME,South America,Hair,Aveda,Mascara,403236,33,-0.07388731526385442,0.08000243918987399,0.05125832866404242,0.22245946036742992
ACME,Africa,Fragrance,Frederic Malle,Foundation,922234,36,-0.09022967888989251,0.19599202274501126,0.057066244981140456,0.19908438871161882
ACME,Africa,Tools,Elizabeth Arden,Eye Liner,221325,16,-0.03840679929133313,0.10249962842864276,0.03158305035119932,0.253720075024208
ACME,South America,Makeup,Balmain,Foundation,380565,18,-0.0565309607336414,0.17688003593072527,0.09026811853759731,0.12213679942018114
ACME,Asia,Tools,Balmain,Bronzer,937168,44,-0.057355920470756806,0.1918049558944081,0.09740569646259624,0.42394864761653117
ACME,Africa,Fragrance,Frederic Malle,Bronzer,338779,21,-0.04732521475699539,0.17970709443129534,0.08076671965774489,0.49367019404603096
ACME,North America,Skincare,Elizabeth Arden,Mascara,819657,30,-0.06386173884344576,0.060060147731043345,0.05884961519438237,0.42961171697464395
ACME,Europe,Tools,Bobbi Brown,Lipstick,209245,12,-0.037394046855717095,0.14754607359608843,0.09611171420577677,0.3219901339410193
ACME,Asia,Skincare,Frederic Malle,Bronzer,903317,24,-0.09694316326523701,0.06801360598573268,0.023846504983054913,0.21811278819317992
ACME,Africa,Fragrance,Balmain,Eye Liner,509264,30,-0.0030108658118236653,0.05084945007886951,0.053064177390569664,0.17907915541743225
ACME,Africa,Makeup,Elizabeth Arden,Mascara,95333,19,-0.007529100795442958,0.05776751659146012,0.058384513605377185,0.245625148718664
ACME,Asia,Skincare,Aveda,Eye Liner,705585,42,-0.006472983741806632,0.18742237946705864,0.054272477777713914,0.36678781181928255
ACME,Europe,Fragrance,Elizabeth Arden,Lipstick,282951,15,-0.06349965044162817,0.1862695271390591,0.08221764584608329,0.2788246222163294
ACME,South America,Skincare,Elizabeth Arden,Lipstick,16402,11,-0.046810904234090026,0.08387365816460507,0.07033626019147277,0.4736239280337945
ACME,North America,Tools,Balmain,Bronzer,14521,38,-0.004586939694242481,0.13205918221979396,0.021399261932643555,0.44168813718629296
ACME,Africa,Fragrance,Balmain,Face Cream,728525,49,-0.009765394357241344,0.19325423933988894,0.04118061766087544,0.14096024638515958
ACME,Europe,Tools,Bobbi Brown,Foundation,785173,42,-0.020975552409885273,0.12450591945451439,0.04051691635481978,0.152610089554284
ACME,North America,Hair,Bobbi Brown,Hair Dye,911125,13,-0.05926684101524076,0.1090366730218637,0.060906897351363586,0.37049567412004436
ACME,Asia,Fragrance,Frederic Malle,Mascara,18382,13,-0.04356607768178266,0.1224873041066937,0.036231257589210725,0.19230735599214174
ACME,Africa,Skincare,Aveda,Face Cream,526243,38,-0.020708752578335238,0.16853236423279166,0.020554459259851957,0.4164119508047005
ACME,South America,Hair,Bobbi Brown,Mascara,907428,46,-0.07269880044599683,0.1215916448799853,0.06883143990914219,0.3365432569305412
ACME,Asia,Tools,Balmain,Foundation,505873,29,-0.03735506317718887,0.16749165219235546,0.08659332446815203,0.19193221109334002
ACME,Africa,Tools,Elizabeth Arden,Foundation,549353,32,-0.017206567514814322,0.11475461684613995,0.09384472859193316,0.2914747189922365
ACME,Europe,Skincare,Frederic Malle,Toner,357614,27,-0.02925452082670986,0.08780085068170743,0.09753205758935284,0.26243051694681335
ACME,North America,Hair,Bobbi Brown,Eye Liner,24425,34,-0.05205193688089993,0.0989709094727931,0.08030051615881126,0.44926374367576194
ACME,North America,Makeup,Elizabeth Arden,Bronzer,809543,10,-0.04153916404448417,0.0616735196955749,0.022573218546271194,0.11286498999082012
ACME,Africa,Skincare,Elizabeth Arden,Toner,181871,24,-0.001132445685420591,0.12460717166139147,0.08678006418130521,0.458337556186716
ACME,Asia,Tools,Bobbi Brown,Lipstick,587545,43,-0.03980122053527899,0.07221663873335346,0.04599640660442266,0.3608330731518974
ACME,South America,Fragrance,Aveda,Hair Dye,920422,29,-0.02143822459813563,0.17173205095020994,0.07569201824131273,0.3950152750193515
ACME,Europe,Hair,Aveda,Bronzer,726537,46,-0.027339523562233736,0.11308858612353413,0.05781412044647523,0.1010429853570535
ACME,Africa,Makeup,Frederic Malle,Lipstick,924245,36,-0.029850938447063685,0.16475034859875848,0.08457455202839054,0.35129577361489295
ACME,Europe,Fragrance,Aveda,Eye Liner,353190,31,-0.02836309448859564,0.19316906413079504,0.04829551595557198,0.33539446548441043
ACME,North America,Hair,Frederic Malle,Eye Liner,834283,14,-0.054559024871853615,0.1774216924569854,0.01556144296660187,0.3148822225545199
ACME,South America,Skincare,Balmain,Eye Liner,543104,43,-0.05258398254818747,0.19271955196187296,0.060114133979422384,0.41434674268235405
ACME,Europe,Skincare,Bobbi Brown,Toner,481069,48,-0.05321372626392177,0.13519047903060954,0.025416149920090586,0.32234843855860207
ACME,Africa,Hair,Elizabeth Arden,Fragrance,12175,12,-0.0966745392787392,0.07479866509708129,0.09689658691176305,0.4428388758239431
ACME,South America,Makeup,Frederic Malle,Face Cream,283485,26,-0.07589346696676766,0.19030939312755513,0.05742667592429425,0.19305259456385537
ACME,Asia,Hair,Aveda,Foundation,860340,33,-0.08454359933501172,0.18027565858951566,0.05982029144535345,0.4223930355886799
ACME,Africa,Fragrance,Frederic Malle,Hair Dye,691014,33,-0.011355498860274274,0.17966194866003932,0.0916539141533336,0.17172510912992228
ACME,Europe,Fragrance,Frederic Malle,Foundation,464111,12,-0.0725030633547051,0.1539911641113078,0.06621267206360575,0.42524711678759197
ACME,South America,Skincare,Aveda,Fragrance,593984,16,-0.08615573655344597,0.14373743932791194,0.03724564394707365,0.47618540753142713
ACME,Africa,Hair,Aveda,Bronzer,198961,34,-0.08802330680891152,0.05220858377919973,0.036648515522203405,0.23427765692415364
ACME,South America,Skincare,Bobbi Brown,Lipstick,228216,12,-0.03000101654478414,0.16220811036321747,0.055142078491581065,0.31195452559207554
ACME,South America,Makeup,Elizabeth Arden,Lipstick,355259,24,-0.09939166890850408,0.06373026762242087,0.0879947406036243,0.3633316091692591
ACME,South America,Fragrance,Bobbi Brown,Hair Dye,302338,38,-0.05286955982434918,0.08896264041538637,0.08152564066626507,0.13178866634179787
ACME,Europe,Tools,Bobbi Brown,Toner,438053,38,-0.08811288944018038,0.13272354430270056,0.09664665274511604,0.29763228728164814
ACME,Africa,Tools,Aveda,Hair Dye,472110,19,-0.015033662236409479,0.11775988773140626,0.016469751056698328,0.24423399063529871
ACME,North America,Hair,Aveda,Hair Dye,94358,41,-0.0041549643547541815,0.0523661584657169,0.03414934620679048,0.44898225250052326
ACME,North America,Hair,Elizabeth Arden,Lipstick,182648,32,-0.004124538378509637,0.17359775876775688,0.017218693703235338,0.45067180748333047
ACME,Europe,Tools,Frederic Malle,Eye Liner,374692,48,-0.05580358910532307,0.18182014371288896,0.07759712745121927,0.3803118158188947
ACME,Europe,Hair,Bobbi Brown,Hair Dye,685087,18,-0.03554851755652036,0.15228094152451505,0.022675032023534526,0.36228978983699933
ACME,South America,Fragrance,Elizabeth Arden,Hair Dye,568867,46,-0.04002958634892554,0.13116017879852337,0.018989768619784606,0.39347538371034274
ACME,Africa,Makeup,Bobbi Brown,Foundation,106554,49,-0.06499610986140471,0.19411067583492075,0.06055049863896019,0.24639476040112285
ACME,Africa,Makeup,Frederic Malle,Eye Liner,681915,23,-0.055593550857946886,0.06799343116222879,0.04703362409072427,0.2618076987002502
ACME,Asia,Skincare,Bobbi Brown,Lipstick,849726,13,-0.09356763027667143,0.16068650804974838,0.07435912048862203,0.32148188915548215
ACME,Asia,Fragrance,Balmain,Toner,584065,29,-0.020430096732851274,0.06925409193427969,0.053831385253024576,0.475211250945787
ACME,North America,Hair,Elizabeth Arden,Face Cream,409122,37,-0.07591964878453811,0.10727671983851236,0.048280113634640756,0.3895999496478251
ACME,Asia,Hair,Aveda,Lipstick,50751,23,-0.05394726688636238,0.13782267637564682,0.048295040387227386,0.3203956977984893
ACME,Asia,Skincare,Bobbi Brown,Lipstick,210671,43,-0.05193792663833561,0.16056315357565287,0.08846887423589692,0.4081652059586859
ACME,North America,Skincare,Elizabeth Arden,Hair Dye,118750,22,-0.04392882608486818,0.0505574150407976,0.045570308565021984,0.24835612489537004
ACME,North America,Hair,Elizabeth Arden,Foundation,84180,40,-0.018212336211191005,0.08908968295576644,0.040005741499267014,0.3921866804577483
ACME,Asia,Hair,Bobbi Brown,Fragrance,773274,42,-0.03081189538162503,0.13073005871147308,0.04046815693204565,0.2642704993130801
ACME,Africa,Fragrance,Aveda,Mascara,214750,48,-0.0336936950870808,0.12993105187422604,0.02769407171334013,0.21186456280599444
ACME,Asia,Skincare,Aveda,Foundation,828076,37,-0.047325450419506025,0.14564396524193962,0.08746199655165905,0.343889619008917
ACME,South America,Fragrance,Bobbi Brown,Fragrance,43521,34,-0.09040442450534102,0.09557803713023338,0.023196773352482346,0.37475102386007386
ACME,South America,Hair,Elizabeth Arden,Hair Dye,545852,41,-0.05979915283491386,0.13107938766334037,0.09177496640196449,0.2837174244718257
ACME,South America,Tools,Aveda,Hair Dye,639443,18,-0.004268314870944784,0.07846801661518646,0.035512094971990565,0.3262002925422006
ACME,Europe,Tools,Bobbi Brown,Toner,998144,37,-0.000445192471174749,0.07803083216051833,0.09094841399564622,0.3776264299423827
ACME,South America,Hair,Bobbi Brown,Fragrance,430515,40,-0.026950185389908177,0.13648459451339104,0.08117385911331194,0.40708402062300386
ACME,Africa,Skincare,Bobbi Brown,Bronzer,451174,26,-0.0772485036925355,0.15282088775680117,0.062378876885532286,0.4582285916332305
ACME,Europe,Tools,Elizabeth Arden,Mascara,197150,32,-0.08981093539966041,0.0680599950021932,0.07025230035267392,0.24181768250573127
ACME,Europe,Skincare,Aveda,Toner,416637,22,-0.05852356409538008,0.0684184852856335,0.0393259681742435,0.4805909011410374
ACME,South America,Tools,Elizabeth Arden,Foundation,360891,19,-0.014342809764066433,0.13479540371906756,0.06168057528948962,0.354911924049235
ACME,Asia,Skincare,Balmain,Foundation,807634,25,-0.027813576010499955,0.09051436284254685,0.03631626106540274,0.41508075307957915
ACME,North America,Tools,Aveda,Fragrance,381551,15,-0.011610776245889506,0.10885986533616718,0.046204553250141556,0.3799076173925754
ACME,Asia,Skincare,Elizabeth Arden,Foundation,969689,20,-0.03842236853023478,0.11011226714713669,0.07881962997063204,0.18222869013936266
ACME,Asia,Fragrance,Aveda,Bronzer,669045,12,-0.08696716354103078,0.07678292889273747,0.03195393074291946,0.12857535320353133
ACME,Europe,Skincare,Balmain,Hair Dye,100197,37,-0.0885204033001836,0.050197195014593965,0.0854961414253784,0.39051458560724817
ACME,Europe,Fragrance,Frederic Malle,Fragrance,52637,24,-0.09519976973698707,0.17797277149535112,0.04382945682984969,0.30442106711783057
ACME,Europe,Fragrance,Bobbi Brown,Foundation,683726,22,-0.0432920029426469,0.15725029533465326,0.057895296477056296,0.3808853473633299
ACME,Africa,Hair,Elizabeth Arden,Hair Dye,506464,26,-0.0757113763375211,0.15358078371733486,0.0947764438806586,0.2907371215661839
ACME,Africa,Fragrance,Balmain,Eye Liner,34276,16,-0.026561635864504954,0.13197577071699795,0.07131300671681874,0.22489380816660162
ACME,North America,Makeup,Balmain,Lipstick,877378,37,-0.03137500641424927,0.1551454481867181,0.06810437015601647,0.21400716370382733
ACME,Europe,Fragrance,Aveda,Hair Dye,975743,47,-0.06818892575916831,0.19035325663214392,0.07404469548445262,0.39221285234799774
ACME,South America,Skincare,Aveda,Lipstick,871646,22,-0.08231983335359357,0.1498510604343937,0.09263002048845052,0.21071203258630988
ACME,Europe,Fragrance,Bobbi Brown,Fragrance,165647,26,-0.08975996502039989,0.0897637102891175,0.032366233829935975,0.3858707483701683
ACME,Africa,Skincare,Aveda,Face Cream,444617,24,-0.026268472618690294,0.13558400776113472,0.06519170852194046,0.25358405052695143
ACME,Europe,Skincare,Elizabeth Arden,Hair Dye,313374,45,-0.054955900457406684,0.11634866050493153,0.04603544689452871,0.4083593617275211
ACME,Africa,Makeup,Elizabeth Arden,Lipstick,744784,37,-0.06764700858218611,0.13346286966682241,0.011066976388921953,0.15712397031306785
ACME,Europe,Fragrance,Elizabeth Arden,Fragrance,396230,24,-0.014334698419368783,0.12764157161192377,0.021277080676549827,0.18199197728173822
ACME,South America,Fragrance,Frederic Malle,Hair Dye,139526,20,-0.0406386783430616,0.17881629278426975,0.03924927057372296,0.37436464228806543
ACME,North America,Tools,Elizabeth Arden,Fragrance,517723,40,-0.04819976636034156,0.14777001550716007,0.06084999740637242,0.32409244807930504
ACME,South America,Tools,Aveda,Face Cream,471833,13,-0.025662083502438426,0.0783137716901156,0.08933272990266444,0.18155133704863968
ACME,Africa,Hair,Aveda,Face Cream,688381,44,-0.018441685976471167,0.05945251683130563,0.08120027063812955,0.46113080469072865
ACME,Asia,Skincare,Elizabeth Arden,Mascara,936953,43,-0.031392684457728054,0.11365456830220205,0.059800030518049344,0.21037765896505853
ACME,South America,Makeup,Balmain,Toner,418873,36,-0.05599936814006473,0.05234159333865939,0.016648337611672087,0.26842855927745357
ACME,Europe,Tools,Balmain,Fragrance,307203,19,-0.06207012073278126,0.09774460787500036,0.03573156613554808,0.1809151767490152
ACME,North America,Fragrance,Balmain,Toner,11532,39,-0.02283350617272978,0.10520322041588386,0.04300377831030196,0.2552110473366057
ACME,Europe,Hair,Bobbi Brown,Mascara,529518,29,-0.048209283935971396,0.1063383311014886,0.06595454666834584,0.2966587000445897
ACME,Europe,Makeup,Frederic Malle,Bronzer,112666,38,-0.029561392148262366,0.19690250364858392,0.0158431260681857,0.21809882180516765
ACME,South America,Fragrance,Elizabeth Arden,Hair Dye,716165,38,-0.010960121091944802,0.09558513154587026,0.05771741990504261,0.40763746927859335
ACME,North America,Fragrance,Bobbi Brown,Foundation,91551,32,-0.008410936526329682,0.0897841243067932,0.09113181185302366,0.2575731914584989
ACME,Asia,Skincare,Balmain,Toner,178828,30,-0.07222843607594275,0.06940713966013119,0.07348894261276626,0.3918039999835069
ACME,Europe,Skincare,Elizabeth Arden,Toner,606168,19,-0.0812110049727486,0.12665132535239193,0.08173691259064808,0.18282887015609736
ACME,North America,Tools,Bobbi Brown,Fragrance,116734,21,-0.07387126396631621,0.07305114593204311,0.07135080835231662,0.2508141987172715
ACME,Asia,Tools,Aveda,Hair Dye,910429,39,-0.02486282294644973,0.14244420690961768,0.028593020095533307,0.10322331555821407
ACME,Europe,Fragrance,Balmain,Fragrance,740002,42,-0.06299419639538398,0.07327396684075244,0.01994354380594168,0.40345503356548473
ACME,North America,Fragrance,Bobbi Brown,Face Cream,961710,27,-0.08266107191586702,0.13650099766388019,0.08465416057044181,0.35035465773219365
ACME,South America,Tools,Aveda,Toner,848600,23,-0.09016145074930308,0.17394038587619395,0.07259539924139756,0.42712932996818254
ACME,Europe,Tools,Balmain,Hair Dye,123123,31,-0.06726868111703121,0.0563786950278639,0.061755540293473146,0.2822443152410853
ACME,Europe,Fragrance,Frederic Malle,Eye Liner,740548,30,-0.08638635596494887,0.1129620462377309,0.02703545784714214,0.4198962574851357
ACME,North America,Makeup,Balmain,Bronzer,952054,10,-0.08436263874666931,0.11915734508282534,0.06430104687805781,0.35903301770839136
ACME,Europe,Fragrance,Frederic Malle,Mascara,409605,24,-0.03161160265537298,0.16866082152171688,0.01281896066999438,0.10144517301369547
ACME,Asia,Makeup,Frederic Malle,Bronzer,97897,45,-0.09802679043315948,0.12018734479183164,0.020695522095456352,0.2014777180354048
ACME,Europe,Makeup,Frederic Malle,Mascara,701207,31,-0.08824467383745621,0.13513036796844805,0.038070113482398214,0.2975565408824992
ACME,Africa,Fragrance,Elizabeth Arden,Toner,638887,41,-0.01556345087869035,0.1686806380382107,0.0499364449670048,0.3474749398847885
ACME,Asia,Hair,Elizabeth Arden,Bronzer,875671,42,-0.015508591498174684,0.13396377393939363,0.020850804623980035,0.12623634586585486
ACME,North America,Tools,Frederic Malle,Bronzer,290786,48,-0.0670756521236423,0.10374491202793737,0.02079461654717822,0.38203197127351674
ACME,Asia,Skincare,Aveda,Foundation,379006,32,-0.09120469916312711,0.06287634164308735,0.0753304294525272,0.317414439058904
ACME,Africa,Fragrance,Frederic Malle,Fragrance,258751,11,-0.02950296661927941,0.15948734442688667,0.06127474658801371,0.3103117227273143
ACME,Africa,Makeup,Bobbi Brown,Foundation,46509,11,-0.06398683122261256,0.1806707225243233,0.058036778269989854,0.21681822323916605
ACME,Europe,Fragrance,Frederic Malle,Bronzer,875849,47,-0.09545353727950742,0.19550968055302465,0.0507191045605795,0.3379292397962308
ACME,Europe,Tools,Elizabeth Arden,Foundation,845669,38,-0.08421730187002015,0.18898998211573526,0.09788887957101075,0.11099715585270986
ACME,South America,Makeup,Elizabeth Arden,Foundation,680774,12,-0.08627851880359758,0.16961268632498733,0.01448202546049391,0.1258801322015954
ACME,Asia,Skincare,Bobbi Brown,Fragrance,859608,48,-0.04108836561723378,0.14652078983685923,0.026256445854541968,0.3935480348851367
ACME,South America,Skincare,Bobbi Brown,Hair Dye,138633,16,-0.010188241639643866,0.16721902187459578,0.06827569816611137,0.22875653701358556
ACME,Africa,Skincare,Balmain,Toner,876297,45,-0.02069279666765425,0.1148125569278102,0.02227290884661172,0.23878683024979352
ACME,Europe,Hair,Aveda,Hair Dye,651469,38,-0.045348395498276996,0.13921643221862526,0.06304428442082564,0.18335408130258074
ACME,Europe,Makeup,Aveda,Toner,596347,46,-0.057784483507251995,0.1023049713708778,0.06109851029329721,0.2782482768399729
ACME,Europe,Makeup,Aveda,Hair Dye,321294,45,-0.03813232909311351,0.09900638224705742,0.09739046652756778,0.12079737256452013
ACME,North America,Hair,Elizabeth Arden,Hair Dye,884799,32,-0.05561872590199192,0.1635037659914051,0.08950478383441202,0.22014528942844547
ACME,Africa,Makeup,Aveda,Mascara,575379,25,-0.07539008774236841,0.11808991734553427,0.09509980093907074,0.31084956871107905
ACME,Europe,Hair,Balmain,Foundation,214196,40,-0.03208025446477204,0.08182418943965439,0.020224213252658167,0.2862527686236548
ACME,Africa,Fragrance,Balmain,Face Cream,10903,43,-0.012675605425867903,0.08029072429127988,0.088133359352877,0.49986785724921357
ACME,Europe,Tools,Aveda,Fragrance,251024,10,-0.06271296693191394,0.17887585423549007,0.021618159555547536,0.255505860846764
ACME,Asia,Skincare,Bobbi Brown,Hair Dye,850667,27,-0.015846153230866314,0.1516640741544007,0.06696389606895901,0.2547996237017236
ACME,Africa,Hair,Balmain,Bronzer,199637,49,-0.05689179535165095,0.13190691100371738,0.0748070344610202,0.30143271096578417
ACME,South America,Hair,Bobbi Brown,Eye Liner,851774,24,-0.059866405690057405,0.11014081039945392,0.02447681483343573,0.17612124410849195
ACME,North America,Hair,Elizabeth Arden,Mascara,183795,26,-0.09716756424529724,0.11462260861806887,0.06693934383365857,0.45052176918366316
ACME,South America,Fragrance,Balmain,Eye Liner,45572,19,-0.030472109863258975,0.058615279129241575,0.014721444362079467,0.32890711554577945
ACME,Africa,Hair,Bobbi Brown,Lipstick,814042,29,-0.019249747488617713,0.11823652173017643,0.036393947716854724,0.176843055679769
ACME,Europe,Tools,Aveda,Lipstick,830484,15,-0.03364430804414391,0.1693182365933123,0.0929042644540705,0.41737663654885293
ACME,Africa,Tools,Elizabeth Arden,Toner,108993,17,-0.08486390486080565,0.10819797201429836,0.02545580466116823,0.11373286845714131
ACME,North America,Skincare,Frederic Malle,Hair Dye,359207,43,-0.08967065324473569,0.1075371878814887,0.015874299320529476,0.4930256802341709
ACME,Africa,Fragrance,Frederic Malle,Fragrance,965054,41,-0.04271412483814605,0.052357487452893176,0.04993103796899135,0.4460597339085486
ACME,Europe,Tools,Aveda,Bronzer,981537,13,-0.05984837458153981,0.1186752893837103,0.08655563876745444,0.33185578221360795
ACME,South America,Makeup,Elizabeth Arden,Face Cream,432227,48,-0.057090221651441043,0.05380064794219503,0.016900514377146097,0.14451826510282662
ACME,Asia,Makeup,Elizabeth Arden,Face Cream,506027,29,-0.0032199753256992314,0.1355524142013142,0.04199818287073677,0.18610910931586858
ACME,South America,Makeup,Elizabeth Arden,Mascara,962268,33,-0.02760773288069346,0.12601750723734712,0.09097973511033935,0.21177406812542526
ACME,Europe,Hair,Elizabeth Arden,Mascara,631828,33,-0.05882122607922433,0.17600127483859984,0.020633999495000888,0.1964126951614444
ACME,Europe,Hair,Frederic Malle,Mascara,63533,35,-0.09809007201582852,0.1372670916388582,0.0379601655320752,0.2990080041813783
ACME,North America,Makeup,Bobbi Brown,Mascara,689424,34,-0.09659043021467298,0.0985141032983323,0.08005785503821335,0.47782414810685914
ACME,Africa,Skincare,Elizabeth Arden,Foundation,920421,45,-0.03151963043541438,0.12743465141253713,0.0588889888424924,0.2776690339071242
ACME,Africa,Skincare,Bobbi Brown,Hair Dye,793185,16,-0.016226124048223614,0.15495595336248785,0.08490998265702249,0.3646258272693622
ACME,South America,Hair,Elizabeth Arden,Eye Liner,190653,19,-0.029229737045031623,0.06409456931155742,0.020043585374391857,0.3754332823915293
ACME,Asia,Makeup,Balmain,Hair Dye,130388,21,-0.05941122473952746,0.14316111327056508,0.09284987542417505,0.44863229010179306
ACME,Asia,Skincare,Balmain,Hair Dye,825134,10,-0.09688642620694304,0.1874939422966969,0.0941420615063688,0.11352851502860771
ACME,North America,Hair,Balmain,Lipstick,133482,34,-0.0032598369764770263,0.09486954434468667,0.023978171813203573,0.2617320237390169
ACME,Europe,Makeup,Elizabeth Arden,Fragrance,805063,25,-0.0013663937841913304,0.14399376423146187,0.013048791796607504,0.41389404563443977
ACME,North America,Fragrance,Bobbi Brown,Bronzer,264936,14,-0.04506354485557314,0.17319941755253654,0.0990857243760012,0.4259468059861785
ACME,Africa,Makeup,Frederic Malle,Toner,97388,28,-0.09293290353048944,0.12677095961579363,0.0534026433072182,0.4709330460696045
ACME,Europe,Makeup,Aveda,Fragrance,659086,13,-0.045902749408553316,0.15769693010305774,0.06148678636318883,0.381117743927201
ACME,North America,Tools,Frederic Malle,Mascara,604331,15,-0.010766152977919163,0.09665155077338902,0.06543142602999187,0.19806157844189742
ACME,South America,Tools,Elizabeth Arden,Eye Liner,993567,35,-0.032001448987178646,0.09590876793877173,0.08107016165024525,0.3022662972337513
ACME,Africa,Fragrance,Balmain,Lipstick,694341,48,-0.02800107689672758,0.15013760326978412,0.08307891721413262,0.11293811516755903
ACME,Asia,Fragrance,Balmain,Foundation,832196,48,-0.09150301625677508,0.15581133109602258,0.027453270188779653,0.3587713364392987
ACME,North America,Makeup,Bobbi Brown,Eye Liner,767131,18,-0.08934883629681986,0.19055145492682157,0.031297306657017396,0.3217180846035027
ACME,Africa,Skincare,Elizabeth Arden,Lipstick,794147,23,-0.08726512236241148,0.08372578620769619,0.08891497260517349,0.36673451230451726
ACME,Africa,Fragrance,Frederic Malle,Foundation,453729,18,-0.009562316633900739,0.12023263941319538,0.08375658442755278,0.4720562213550382
ACME,Asia,Makeup,Elizabeth Arden,Mascara,663302,24,-0.04741503637361867,0.08757702097458372,0.06558574433985599,0.3749106446881726
ACME,Asia,Hair,Elizabeth Arden,Toner,123076,46,-0.020842490360700877,0.062013824132036814,0.09952292432123648,0.2281799721499045
ACME,Asia,Tools,Balmain,Mascara,633295,29,-0.08847087401163999,0.11048457919212316,0.07616655491961913,0.1794946655480627
ACME,North America,Skincare,Frederic Malle,Eye Liner,731558,17,-0.007235729449140499,0.1061121120932305,0.0294253091317224,0.441854482727462
ACME,Asia,Makeup,Aveda,Mascara,821372,41,-0.017885790850278985,0.09056511799732819,0.08619796578994104,0.17773285730950425
ACME,South America,Hair,Balmain,Mascara,903850,30,-0.0775235855224644,0.09454923367091247,0.04732593727331261,0.16464383223814555
ACME,Africa,Tools,Frederic Malle,Lipstick,81792,28,-0.012581776670604644,0.10406177095269173,0.013253739448716027,0.18264483227239034
ACME,Asia,Hair,Bobbi Brown,Face Cream,431648,38,-0.07365572406031907,0.19832564491701404,0.03892791500305036,0.3035363392522027
ACME,Africa,Makeup,Balmain,Mascara,18367,40,-0.07946601206609435,0.16744366489509205,0.07871961106534468,0.14967497726378276
ACME,Europe,Fragrance,Bobbi Brown,Hair Dye,908196,15,-0.07357560631877877,0.060710180163036045,0.09641855864678259,0.4752473322386809
ACME,Europe,Tools,Balmain,Hair Dye,768961,13,-0.009004493672739061,0.18086197647300528,0.03485227746728745,0.4865014828960359
ACME,Asia,Hair,Elizabeth Arden,Toner,953015,38,-0.008440801448513044,0.14499549895980074,0.03218646919687436,0.48952074131319956
ACME,Africa,Fragrance,Frederic Malle,Toner,805005,12,-0.06710042253120313,0.1835890640182864,0.060725492703847014,0.11564992192788792
ACME,Europe,Skincare,Bobbi Brown,Toner,549870,10,-0.029456581490544878,0.10125645306953424,0.08305155096962022,0.4784790105920127
ACME,Asia,Makeup,Balmain,Fragrance,146450,24,-0.03242547448358167,0.11967782972175783,0.0771873113944852,0.4989659730469701
ACME,Africa,Makeup,Bobbi Brown,Bronzer,861728,30,-0.019343736786959678,0.18443405859621625,0.060396301230653496,0.4769716437381949
ACME,Asia,Tools,Balmain,Toner,678860,40,-0.0703490499857869,0.09088597038705223,0.06682507134530306,0.3683755623050825
ACME,Africa,Hair,Balmain,Mascara,337985,16,-0.04898614580895982,0.18732513143681234,0.03178890615937097,0.3804920609634004
ACME,Europe,Skincare,Aveda,Toner,556169,26,-0.03323260489917132,0.1742749568216404,0.04893168385030156,0.14890117594937907
ACME,Asia,Tools,Aveda,Bronzer,866665,28,-0.0973743181190094,0.197083691136394,0.03298290638682699,0.449718830829985
ACME,Europe,Tools,Aveda,Fragrance,716902,48,-0.06232612546690454,0.09863863805245447,0.08959761773601739,0.12385583385150861
ACME,Asia,Hair,Bobbi Brown,Bronzer,599573,12,-0.030411164232143115,0.08536297700071752,0.020129905662896422,0.22709221864705592
ACME,North America,Skincare,Elizabeth Arden,Eye Liner,69547,39,-0.07474049068808666,0.09963003455685923,0.07117665020707338,0.49646065805927486
ACME,Europe,Hair,Balmain,Toner,727511,44,-0.004229589299351272,0.19319746939831028,0.033425487744852114,0.26893115164119813
ACME,Europe,Makeup,Frederic Malle,Toner,672582,38,-0.09698386284931611,0.09996099440794123,0.05280196687466198,0.1524624895861035
ACME,South America,Fragrance,Aveda,Toner,17933,23,-0.004191281241257713,0.13478177299358574,0.03694715022219695,0.4877178648196321
ACME,Europe,Makeup,Bobbi Brown,Eye Liner,355529,44,-0.07832361319896,0.11055189238797714,0.03909207853535245,0.4936558588166945
ACME,Africa,Makeup,Bobbi Brown,Bronzer,775127,37,-0.095117795807463,0.10943302167226715,0.03343537122499198,0.17481707409548575
ACME,Asia,Tools,Bobbi Brown,Lipstick,632994,39,-0.07075259667764426,0.07900679148185828,0.07775136290758948,0.4459215234960684
ACME,North America,Makeup,Frederic Malle,Mascara,481653,35,-0.021371769270977475,0.1305619311196385,0.042914427146114244,0.25616933047755674
ACME,Africa,Skincare,Frederic Malle,Mascara,934444,16,-0.024755799355194688,0.17741063824508102,0.07537213159426745,0.25254738579468583
ACME,Africa,Makeup,Aveda,Toner,881022,48,-0.0791159583577208,0.05742275203308062,0.05104629370936115,0.20507905275876068
ACME,Africa,Skincare,Frederic Malle,Fragrance,378543,40,-0.08032098664082006,0.18338398904951325,0.05925214378902586,0.11788410982195861
ACME,Africa,Hair,Aveda,Eye Liner,331289,14,-0.03574200841954593,0.14982094477059493,0.05889587281421387,0.20720359347408943
ACME,North America,Tools,Frederic Malle,Lipstick,184682,44,-0.05419173103242695,0.14251071208623545,0.09782668714092299,0.12151076213322082
ACME,South America,Skincare,Frederic Malle,Foundation,329664,23,-0.020771004666909773,0.14388503493859883,0.043035621013985614,0.4697488185439854
ACME,Europe,Makeup,Frederic Malle,Lipstick,538832,45,-0.09758672213074465,0.09444047539317042,0.028691568585783783,0.3646882689570914
ACME,Africa,Tools,Aveda,Mascara,851244,36,-0.038958813923942896,0.11227167558024317,0.0920612746329942,0.4546490600065566
ACME,Europe,Tools,Balmain,Toner,212682,33,-0.026932798776012415,0.1698935008856322,0.02573553603840159,0.38691627258822825
ACME,Europe,Skincare,Aveda,Face Cream,192572,49,-0.0006613887971330945,0.09595715554044346,0.08509805612599103,0.1525147484330557
ACME,Africa,Skincare,Balmain,Foundation,967122,38,-0.03212183057631532,0.12050303143590453,0.023519340592023322,0.47623261469411915
ACME,South America,Fragrance,Bobbi Brown,Toner,391234,31,-0.07681548434500338,0.052944840708148005,0.06928519008046657,0.4599572214531068
ACME,Europe,Fragrance,Bobbi Brown,Eye Liner,895486,17,-0.08918138051199613,0.160033752940326,0.023548673193808246,0.2392304311604143
ACME,Asia,Tools,Aveda,Foundation,952948,24,-0.035908322535592466,0.11265532650179086,0.09307772373154866,0.14461333614067062
ACME,Europe,Fragrance,Balmain,Face Cream,227054,14,-0.047681693248178406,0.12880381527104057,0.060850745438754815,0.3816619003155496
ACME,Africa,Makeup,Balmain,Bronzer,497295,13,-0.010085471155498363,0.0672033976716138,0.039634645522607884,0.391344521094689
ACME,North America,Hair,Balmain,Bronzer,984090,20,-0.0273391978818725,0.19875713431811554,0.022629049746723542,0.4587316179362829
ACME,Europe,Tools,Bobbi Brown,Bronzer,428005,27,-0.04902575499573794,0.09537017404772691,0.04340730125313946,0.12106230378043198
ACME,South America,Hair,Aveda,Fragrance,404833,39,-0.05964105292348524,0.14524844923946756,0.07345180313819305,0.15668153521094874
ACME,Asia,Fragrance,Elizabeth Arden,Bronzer,269711,24,-0.05956253004291798,0.13718545172816982,0.04464557955356925,0.33929951715167295
ACME,Asia,Skincare,Balmain,Hair Dye,635122,15,-0.07736957138487655,0.16776383058874855,0.032148472248589965,0.347652620348033
ACME,North America,Tools,Balmain,Foundation,144405,25,-0.0982674028244303,0.0940755433432941,0.06196685034644356,0.11344386492600252
ACME,North America,Fragrance,Elizabeth Arden,Face Cream,50002,49,-0.04250894117928938,0.1633891017495856,0.04760396675534077,0.2587728204246634
ACME,Europe,Makeup,Aveda,Eye Liner,265549,18,-0.07875852674767848,0.10737525960286017,0.02492256124272631,0.33366469251041964
ACME,Africa,Tools,Balmain,Hair Dye,991124,43,-0.07916730822719587,0.11167414487695237,0.023858919124971116,0.39516453326069356
ACME,South America,Tools,Aveda,Hair Dye,753048,36,-0.08746187713235196,0.15090687897301552,0.07367157911996693,0.22646027671133143
ACME,Asia,Skincare,Balmain,Face Cream,492843,22,-0.08104045098233073,0.16764286576107035,0.09772047059646309,0.2935613972087366
ACME,North America,Tools,Frederic Malle,Eye Liner,403727,45,-0.09682108504448624,0.15002999541808387,0.030978466377585077,0.42562194892480376
ACME,South America,Skincare,Balmain,Foundation,384994,36,-0.0325768550251468,0.18498192808567282,0.0795833740748341,0.4815580255590962
ACME,Africa,Fragrance,Frederic Malle,Mascara,664299,18,-0.05986028836873058,0.09277385442651011,0.01788460322054187,0.1921258701559382
ACME,Asia,Makeup,Aveda,Toner,703210,14,-0.04384754012268549,0.1850925098152924,0.044341832714696355,0.2012168823279585
ACME,Asia,Makeup,Balmain,Mascara,655836,31,-0.036304238197920044,0.06962952889150681,0.05560193375274313,0.47592727497355025
ACME,Africa,Tools,Bobbi Brown,Face Cream,485388,40,-0.0027515437723840824,0.1489295478544971,0.03418722507607915,0.25836446030507343
ACME,Asia,Tools,Bobbi Brown,Mascara,41786,12,-0.0931734134144499,0.13214459770702663,0.057662057486282545,0.3873393298082971
ACME,Africa,Fragrance,Elizabeth Arden,Mascara,477572,39,-0.0582082315168562,0.12419539106233843,0.0894352984897469,0.3449060914919505
ACME,Asia,Skincare,Bobbi Brown,Mascara,308388,30,-0.0754102066473519,0.09663680432932675,0.09499941661194941,0.21423507191762253
ACME,Europe,Makeup,Frederic Malle,Bronzer,740074,44,-0.05232880681431859,0.12555991179623516,0.01905012589357445,0.36142488878321
ACME,Africa,Skincare,Bobbi Brown,Lipstick,77261,15,-0.007952769938611187,0.0742660034577055,0.034466134058578214,0.3622263603827893
ACME,South America,Fragrance,Bobbi Brown,Mascara,290621,37,-0.027601573475184868,0.10539814163175135,0.09812205257659525,0.33697727416363055
ACME,Europe,Makeup,Bobbi Brown,Toner,711893,41,-0.033805041352010665,0.06480213762258162,0.03433765693620194,0.13986432993980516
ACME,South America,Makeup,Balmain,Face Cream,961973,46,-0.05587541235688226,0.13577698996794796,0.0723436616029097,0.49806872894961507
ACME,Asia,Hair,Elizabeth Arden,Lipstick,280640,34,-0.03288875016255642,0.06436518292994405,0.03281083244833282,0.26016658446833096
ACME,South America,Fragrance,Aveda,Fragrance,130522,41,-0.09676246227255919,0.07405169658577486,0.04207290339889345,0.35530039415879555
ACME,Europe,Fragrance,Elizabeth Arden,Toner,415486,44,-0.04137613279701056,0.0628200202231222,0.02721510891072077,0.4543046776450478
ACME,Africa,Hair,Frederic Malle,Toner,741368,31,-0.04462234374007518,0.1071965959928117,0.08706701743274307,0.2693153953679346
ACME,North America,Skincare,Balmain,Bronzer,292868,33,-0.06533595680368072,0.17629376816275227,0.08943838874375536,0.40957002272221943
ACME,South America,Hair,Balmain,Bronzer,302560,48,-0.07984858745758916,0.18603445874507418,0.036722125712388844,0.4887297698717624
ACME,North America,Fragrance,Bobbi Brown,Face Cream,569863,39,-0.019244444900069907,0.06078341819000201,0.0841230841753567,0.24357390410121932
ACME,South America,Skincare,Bobbi Brown,Toner,484406,41,-0.09461378855449036,0.14518252112924407,0.04224174850332857,0.2621078280930947
ACME,South America,Makeup,Frederic Malle,Eye Liner,610902,40,-0.09303271355764123,0.15265781368881104,0.018911748060564247,0.46223042359862754
ACME,Africa,Hair,Balmain,Eye Liner,103566,32,-0.055947825601585344,0.13006549136480364,0.07822687575628662,0.1638571471260732
ACME,Asia,Skincare,Aveda,Face Cream,262061,49,-0.0747445452591395,0.1500477292204319,0.06368016240089602,0.11143793534377694
ACME,Europe,Skincare,Elizabeth Arden,Mascara,738468,42,-0.025454758649297957,0.0850536073164643,0.03469441993036754,0.46355560193964473
ACME,Europe,Skincare,Balmain,Hair Dye,944912,34,-0.03658099230788091,0.12344663177285242,0.032769976646066235,0.4286366296470322
ACME,Europe,Hair,Aveda,Fragrance,137192,45,-0.02274652038733685,0.10863137735537429,0.09780610334340892,0.4890332130205328
ACME,Asia,Makeup,Aveda,Bronzer,553647,33,-0.0675321043662199,0.06345619271594466,0.08762509368037823,0.12329511308427131
ACME,North America,Skincare,Elizabeth Arden,Hair Dye,411914,40,-0.025948106038213264,0.14383346595837337,0.08288184964363883,0.1624709321763949
ACME,Europe,Hair,Aveda,Foundation,211464,48,-0.013769676397360112,0.12428227890073194,0.021521593777749905,0.14212502363592355
ACME,North America,Fragrance,Frederic Malle,Face Cream,758423,22,-0.06547255055814283,0.0912761040353875,0.07796685468234345,0.3733664529174837
ACME,Asia,Hair,Aveda,Mascara,966996,19,-0.06601041788381667,0.12105278906050573,0.029308619908295787,0.3424040294988573
ACME,Asia,Hair,Frederic Malle,Lipstick,477997,32,-0.010004859609357375,0.1662947027596255,0.09796500488874167,0.24373407975490388
ACME,Africa,Hair,Aveda,Mascara,577922,27,-0.0950209746812291,0.17024866442120962,0.014688026916603193,0.12296939176089801
ACME,Europe,Skincare,Bobbi Brown,Toner,127255,41,-0.06498105942691557,0.14742891931240537,0.04169246352042193,0.35586479361861645
ACME,Africa,Hair,Aveda,Mascara,577152,42,-0.0881327507928196,0.12016217501002459,0.04857830567008437,0.3280481940460227
ACME,Europe,Fragrance,Frederic Malle,Toner,890914,45,-0.09710194097500238,0.13636244588057722,0.0841782620406029,0.1451612844242463
ACME,Asia,Skincare,Aveda,Foundation,47355,37,-0.08871305823531779,0.10775230570334259,0.07896005362036415,0.4635638817894857
ACME,Asia,Fragrance,Aveda,Bronzer,47690,25,-0.05687542088197231,0.06898345144913574,0.04374929304519307,0.17957988386879623
ACME,South America,Tools,Aveda,Foundation,441030,25,-0.031304393077220924,0.10784308960791379,0.06090042641122368,0.39740366085754253
ACME,South America,Hair,Frederic Malle,Toner,697005,27,-0.07107175755580371,0.12954991341044514,0.08520356472469573,0.4540303450171793
ACME,Asia,Skincare,Aveda,Lipstick,750174,17,-0.015032469259887521,0.13982510219758762,0.011637963293594745,0.3317899962774834
ACME,Asia,Skincare,Elizabeth Arden,Hair Dye,213811,25,-0.056238437126165,0.19037014640819316,0.0821960289572025,0.19873956211930055
ACME,North America,Hair,Elizabeth Arden,Mascara,590918,20,-0.0031771949038256475,0.16660001675459246,0.0952206422807838,0.22369940705005656
ACME,North America,Makeup,Frederic Malle,Bronzer,189243,15,-0.0045844330556299995,0.07279888421670161,0.012885806933575404,0.454299013487533
ACME,Africa,Makeup,Bobbi Brown,Mascara,555946,10,-0.022672377733318497,0.07612733099793921,0.014102288837036434,0.21930286255059386
ACME,South America,Fragrance,Elizabeth Arden,Mascara,527196,21,-0.006759450385338178,0.06507421388596311,0.04100626050094181,0.39847619332692175
ACME,South America,Hair,Balmain,Toner,529757,47,-0.02929039238388885,0.16072725908313767,0.01789926073909071,0.4960660849021622
ACME,Asia,Hair,Elizabeth Arden,Hair Dye,249204,37,-0.010441681000881858,0.15591834177377856,0.05313484722644995,0.4999266877450711
ACME,Asia,Tools,Balmain,Bronzer,287941,26,-0.07635262826336936,0.1979544352545322,0.07558396165808008,0.3133918993077326
ACME,Africa,Makeup,Frederic Malle,Mascara,855231,10,-0.06545797998232014,0.1283035126496523,0.061020931152863604,0.4306223187144391
ACME,South America,Makeup,Bobbi Brown,Mascara,390445,41,-0.02470699339951385,0.1739622393273323,0.02767887181654663,0.4960999471684798
ACME,North America,Hair,Balmain,Fragrance,763702,17,-0.05754387617934429,0.13646597879641814,0.0689330170027322,0.2498691559367929
ACME,Europe,Fragrance,Balmain,Face Cream,324380,49,-0.016267256617548215,0.18111300687911558,0.07163690312610244,0.20096383402812235
ACME,Africa,Hair,Elizabeth Arden,Fragrance,540553,33,-0.012236112841222488,0.15815315589541273,0.09392013601165132,0.14569334233687328
ACME,Europe,Fragrance,Balmain,Face Cream,530335,19,-0.07002705152790752,0.14643260224868795,0.023211720763934414,0.15635985522925044
ACME,North America,Makeup,Frederic Malle,Lipstick,659899,48,-0.017654919181042644,0.13476840064745757,0.07231025484187512,0.4414225454482653
ACME,North America,Tools,Frederic Malle,Fragrance,213206,48,-0.084573572893485,0.15844557866644626,0.09202844969678328,0.33548923612282966
ACME,Europe,Skincare,Frederic Malle,Toner,456710,19,-0.0665803288463151,0.11294807640065158,0.05514077379885708,0.4494836701569943
ACME,Africa,Makeup,Elizabeth Arden,Lipstick,393898,45,-0.048203504887861105,0.06448648710584962,0.04256197118767508,0.4157820356128674
ACME,Europe,Fragrance,Bobbi Brown,Eye Liner,979772,34,-0.07735562378961079,0.055997919319676126,0.025367454479904246,0.36949785201920715
ACME,Africa,Hair,Elizabeth Arden,Bronzer,692358,19,-0.04207321704248007,0.1218535597413761,0.0880108197840782,0.3437248767627443
ACME,Africa,Makeup,Frederic Malle,Eye Liner,101426,28,-0.042130492128235345,0.1398937373330212,0.045482173735653504,0.11933556167123718
ACME,Asia,Tools,Elizabeth Arden,Bronzer,988843,24,-0.07930971051490943,0.06182735458559382,0.09323941989409232,0.44891007840127695
ACME,South America,Fragrance,Frederic Malle,Bronzer,417522,25,-0.020435865511454335,0.09303553233681534,0.08629824683176986,0.2671368246718857
ACME,South America,Hair,Aveda,Bronzer,729366,11,-0.03683555105885032,0.09830483089632308,0.043897586661747624,0.3239147428285568
ACME,North America,Skincare,Aveda,Fragrance,521933,38,-0.06822394931750458,0.1344193302812377,0.06165228780516363,0.10878140075080829
ACME,Asia,Fragrance,Balmain,Foundation,188417,13,-0.07678152165297081,0.09177236840641836,0.012445663266452932,0.47442940074511486
ACME,South America,Hair,Bobbi Brown,Hair Dye,152957,38,-0.012124986116550648,0.06434728993340101,0.033689926258042124,0.46109618443680056
ACME,Africa,Skincare,Aveda,Eye Liner,643969,40,-0.016425775477534738,0.07472851114198252,0.07392455637123248,0.3173112119672422
ACME,Africa,Hair,Frederic Malle,Eye Liner,840258,26,-0.07702393251444738,0.07609217024062899,0.07101198512616401,0.330924653267343
ACME,Europe,Skincare,Elizabeth Arden,Bronzer,589885,19,-0.09643947734834912,0.17640424163341423,0.0418032513587576,0.38200688496139545
ACME,Europe,Skincare,Elizabeth Arden,Foundation,934947,36,-0.019546740425687617,0.09264795304674373,0.08277472287185109,0.20587795857446003
ACME,Africa,Skincare,Balmain,Foundation,107375,24,-0.03844914447349569,0.15720376008721354,0.031225244670988403,0.18876624908532103
ACME,Africa,Hair,Elizabeth Arden,Hair Dye,781365,40,-0.08991179719465403,0.1351758119508959,0.05151434798370445,0.3696091786406531
ACME,Europe,Skincare,Aveda,Fragrance,813516,30,-0.04126417937811049,0.19655581304246633,0.052527757177981076,0.1417689784635633
ACME,South America,Fragrance,Elizabeth Arden,Hair Dye,361591,35,-0.05478173146383058,0.09092340033203034,0.040673509198301545,0.28162480188935235
ACME,North America,Tools,Aveda,Toner,538671,47,-0.022544967252630846,0.07375595307938004,0.09591994910126506,0.29710416959963604
ACME,Europe,Tools,Aveda,Eye Liner,102313,45,-0.079091515784127,0.05780567565418406,0.07270156301635912,0.2525347907660672
ACME,South America,Skincare,Bobbi Brown,Foundation,830793,26,-0.05468432556949735,0.08614394934219208,0.05852794017945715,0.1741072702790939
ACME,South America,Tools,Balmain,Bronzer,90294,12,-0.08437558857480833,0.15261063296230892,0.05594635840497837,0.24212650573014188
ACME,South America,Tools,Frederic Malle,Foundation,595619,23,-0.004247277218915338,0.06278873369552909,0.024336648322398693,0.23502290142418
ACME,Asia,Skincare,Aveda,Foundation,105057,22,-0.022126184307483587,0.0867052767724488,0.04349682073612885,0.29970626985950016
ACME,Asia,Skincare,Balmain,Face Cream,161601,36,-0.026327757349860356,0.17829625522760184,0.07054959832561968,0.3698723366314077
ACME,South America,Fragrance,Frederic Malle,Eye Liner,723934,10,-0.0309793334979198,0.13744294240467805,0.09321131977180604,0.4872940494104683
ACME,Africa,Makeup,Elizabeth Arden,Toner,753987,26,-0.057666355753361834,0.06042823103797933,0.08348176534526547,0.1576653040697313
ACME,Asia,Hair,Balmain,Hair Dye,393829,43,-0.007671758429685524,0.057152471637464494,0.03703508235639741,0.44920684397643273
ACME,Europe,Skincare,Balmain,Toner,106917,23,-0.09270829880729947,0.05916843129886504,0.049056096312094004,0.21367120015610497
ACME,Asia,Skincare,Balmain,Face Cream,504132,26,-0.01967409283210482,0.1912812575220879,0.01746257686415151,0.33654910800056226
ACME,Africa,Tools,Elizabeth Arden,Fragrance,303076,12,-0.07847672678942674,0.17748071428415824,0.01919550907320227,0.3186947791935473
ACME,North America,Fragrance,Elizabeth Arden,Toner,525303,43,-0.06759720443661521,0.17674100630281625,0.05232073482988437,0.3227793674513052
ACME,Asia,Tools,Balmain,Foundation,274052,49,-0.04805702710326917,0.1886325143365319,0.05771974661353902,0.38934344468752513
ACME,South America,Skincare,Bobbi Brown,Lipstick,516705,34,-0.02173449889444204,0.12578830853763656,0.03376243861272226,0.2526753222995984
ACME,South America,Skincare,Aveda,Toner,433574,11,-0.016146509234626336,0.08710170067150161,0.06785044202673472,0.22763998529474228
ACME,South America,Tools,Elizabeth Arden,Face Cream,564700,43,-0.041626774983987515,0.11020220063577774,0.07330426170221241,0.441133829274191
ACME,North America,Skincare,Bobbi Brown,Toner,924751,35,-0.05969645110653148,0.15782961093257164,0.036920451845076196,0.18803801610970813
ACME,Africa,Makeup,Elizabeth Arden,Toner,880142,40,-0.005349757859678991,0.1814049307281898,0.07825822531367876,0.17209841492445724
ACME,Europe,Hair,Balmain,Mascara,263928,18,-0.07534787041606317,0.11526363900492866,0.028504442713522003,0.10624297466210436
ACME,Africa,Hair,Bobbi Brown,Foundation,222104,39,-0.019690542411936462,0.1303071433073092,0.05898262395480165,0.1842311128116747
ACME,North America,Hair,Frederic Malle,Bronzer,12928,29,-0.03879503785518468,0.189767448991438,0.0823852984205956,0.30741257332668337
ACME,South America,Makeup,Aveda,Fragrance,861590,30,-0.062310498311478626,0.06612479556641437,0.05833081771142999,0.3154035492056454
ACME,Africa,Skincare,Aveda,Mascara,171704,38,-0.09986320156364632,0.17934488254611863,0.09171664466689455,0.20176819647821376
ACME,Europe,Tools,Elizabeth Arden,Foundation,42309,34,-0.05534006986513732,0.07389612233779039,0.015265110958717226,0.12890966801647996
ACME,South America,Fragrance,Aveda,Face Cream,805712,47,-0.07232800024577007,0.12257920254359306,0.06294824609423247,0.39785631853808245
ACME,Europe,Skincare,Frederic Malle,Hair Dye,50449,34,-0.08956533866744394,0.08276346929945894,0.06055799072899511,0.4031901394249199
ACME,Asia,Makeup,Bobbi Brown,Face Cream,823389,18,-0.09248414346619152,0.14044214460359064,0.06943179956884163,0.4991345585166246
ACME,Europe,Makeup,Bobbi Brown,Bronzer,702255,48,-0.0652441672688398,0.13378601325623993,0.08500661548122769,0.4600118282138871
ACME,South America,Hair,Balmain,Face Cream,342643,35,-0.03852426112593515,0.10700110463611279,0.07532677759045556,0.470424825807057
ACME,Asia,Skincare,Bobbi Brown,Mascara,627345,46,-0.01624806846352264,0.17949552722676865,0.08112544618355576,0.41928153029757675
ACME,South America,Hair,Elizabeth Arden,Face Cream,763511,25,-0.08164367550526731,0.148971998043209,0.03599350531458594,0.3462011413529996
ACME,South America,Fragrance,Frederic Malle,Bronzer,382209,46,-0.05753560286909504,0.15818076874429157,0.04487476407120682,0.15141838304180422
ACME,Asia,Hair,Balmain,Bronzer,515074,21,-0.06080438598578478,0.07259896073115028,0.06640992766416073,0.34892531898235113
ACME,Europe,Fragrance,Elizabeth Arden,Lipstick,687055,33,-0.04866059907914844,0.18247485169634264,0.05981153247324418,0.12238234416585066
ACME,North America,Makeup,Elizabeth Arden,Toner,609181,35,-0.019041272919044713,0.07505602454300277,0.09649934874734829,0.45411964450847697
ACME,North America,Hair,Elizabeth Arden,Hair Dye,466339,29,-0.04463547820007652,0.08341774463149404,0.026815104994097748,0.292728534165679
ACME,North America,Hair,Aveda,Hair Dye,821608,18,-0.015334508649770581,0.06920827077453207,0.041615053520602754,0.3789891327903201
ACME,North America,Tools,Elizabeth Arden,Mascara,683769,32,-0.04814482439310223,0.11605388119532235,0.06154797099563694,0.1208974654783856
ACME,Africa,Makeup,Aveda,Bronzer,789824,48,-0.03961526348187286,0.1831563847628465,0.08811673929425368,0.31369936916913016
ACME,North America,Tools,Bobbi Brown,Lipstick,853399,38,-0.056261675750701026,0.08786712794147894,0.09364136722218926,0.22050535914134503
ACME,Asia,Fragrance,Aveda,Foundation,535275,40,-0.017690441970436635,0.106063013063443,0.04024326977448387,0.21398730629489826
ACME,North America,Fragrance,Elizabeth Arden,Lipstick,981966,28,-0.007617279363534735,0.17690996301131334,0.016039761537371647,0.255862365881273
ACME,South America,Makeup,Frederic Malle,Fragrance,208573,29,-0.03608552618768544,0.1426722919638334,0.04794577281299667,0.10025578434421396
ACME,North America,Fragrance,Frederic Malle,Face Cream,246692,32,-0.017921755082709614,0.16274245904694157,0.04549097289101564,0.28666435268806945
ACME,Europe,Makeup,Bobbi Brown,Toner,893286,36,-0.09409966660008998,0.08210000741541723,0.09878383611367206,0.29462667344317534
ACME,Asia,Fragrance,Elizabeth Arden,Lipstick,36015,39,-0.009388824855334238,0.15747347949988633,0.048795511986171054,0.4452523663356257
ACME,Asia,Skincare,Aveda,Face Cream,497943,30,-0.08110749331608755,0.08414158679626588,0.03751506993729065,0.279410243152993
ACME,Africa,Hair,Frederic Malle,Toner,384494,44,-0.07434795726741922,0.1980970973315992,0.04288396370814407,0.24542251754706915
ACME,South America,Skincare,Balmain,Fragrance,862836,16,-0.09466699317932538,0.1339829234190106,0.045723365256143254,0.49789882054498535
ACME,Asia,Makeup,Elizabeth Arden,Fragrance,126751,31,-0.0034599883025940997,0.15434588870647056,0.08393863439769544,0.32848532984099854
ACME,Europe,Makeup,Elizabeth Arden,Bronzer,925239,19,-0.014798915051162362,0.06776023762122543,0.017291340354813778,0.28904528345365577
ACME,North America,Skincare,Balmain,Fragrance,715641,32,-0.008681539590891615,0.08759839700623544,0.038485634398752404,0.29837433381935174
ACME,Asia,Hair,Frederic Malle,Bronzer,964650,24,-0.015278383223998507,0.07096109893465316,0.09696866427163897,0.4236725190035221
ACME,Europe,Hair,Balmain,Eye Liner,58231,39,-0.052046944727871115,0.10852560729075847,0.023779225431891995,0.23627054758806434
ACME,North America,Tools,Bobbi Brown,Foundation,694392,43,-0.00759180659092365,0.09262037963080978,0.0768341189379331,0.25566418507437827
ACME,Africa,Fragrance,Aveda,Mascara,300449,22,-0.0030527179572811675,0.15993833894458542,0.04207541510784614,0.4023493437349862
ACME,Asia,Tools,Aveda,Face Cream,64306,13,-0.04974330232106025,0.06630634694422269,0.062360697357507294,0.1291934958455078
ACME,Asia,Hair,Frederic Malle,Foundation,229248,27,-0.08243752186711618,0.16280890526755526,0.018959323465799385,0.4460676632573035
ACME,Europe,Skincare,Balmain,Foundation,131139,32,-0.034137749103690565,0.056855723695788125,0.03757705006185519,0.272081078587188
ACME,South America,Fragrance,Elizabeth Arden,Hair Dye,552606,42,-0.0024561710146429327,0.08030267559835887,0.05507784474947995,0.33251719020225934
ACME,Africa,Skincare,Elizabeth Arden,Lipstick,154318,43,-0.012785314014112509,0.16879474879469047,0.030853059235827256,0.4029904637039341
ACME,South America,Tools,Elizabeth Arden,Fragrance,961348,43,-0.013818482385409253,0.16141649616618425,0.0587682948747837,0.20642076897573794
ACME,Asia,Makeup,Bobbi Brown,Eye Liner,173674,45,-0.006618198319271795,0.12144891708782952,0.029778338265644473,0.4561256833282604
ACME,South America,Skincare,Bobbi Brown,Lipstick,293728,44,-0.010604773944745294,0.05749740726163277,0.06850904973854985,0.49168998890264437
ACME,North America,Tools,Elizabeth Arden,Mascara,781687,26,-0.022371833598170715,0.14148406125039492,0.09139189062252828,0.2977097445624498
ACME,Africa,Tools,Frederic Malle,Lipstick,549457,37,-0.028172716783817275,0.11100861559611477,0.017693977361641428,0.47477494601306935
ACME,South America,Tools,Bobbi Brown,Hair Dye,35968,23,-0.07352328262552457,0.09747922252969547,0.029495443219847775,0.10045144901079311
ACME,North America,Makeup,Bobbi Brown,Mascara,933889,43,-0.03786599785715508,0.14606159552398015,0.08599807245342969,0.4576951318542114
ACME,Europe,Makeup,Aveda,Bronzer,214830,20,-0.047851137829411056,0.11549218433025896,0.06683981368977618,0.22441812790052224
ACME,South America,Makeup,Aveda,Lipstick,919116,22,-0.013805590841900889,0.0638631650679768,0.017083802542830873,0.22459816989104078
ACME,Africa,Fragrance,Frederic Malle,Face Cream,649679,42,-0.0508287426509928,0.18739257057685166,0.053771510359854585,0.19123554590797576
