Portfolio,Geography,Category,Brand,Segment,Sales,Margin,Min_Trend,Max_Trend,Min_Contribution,Max_Contribution
Hair/Body,North America,Hair,Brand A,Cream,7023,58,-0.04446757659960353,0.28865590983358813,0.07195536399712692,0.47502494741995593
Hair/Body,North America,Hair,Brand A,Shampoo,7601,55,-0.07399752144388459,0.11937169520296279,0.08731291896178439,0.29498684635151495
Hair/Body,North America,Hair,Brand B,Shampoo,5792,12,-0.01077209895487824,0.2332069552405767,0.06968693722856725,0.4683948330152318
Hair/Body,North America,Hair,Brand B,Body Wash,9678,35,-0.03448360127952292,0.21560435718972853,0.06496531606329997,0.24935399116813511
Hair/Body,North America,Hair,Brand C,Cream,1112,21,-0.12896343734955815,0.23273110366714317,0.09050302047339133,0.203140257186773
Hair/Body,North America,Hair,Brand C,Soap,6998,43,-0.029217316746773164,0.2921738603360605,0.08965829702203887,0.4977211517986777
Hair/Body,North America,Hair,Brand D,Deodorant,3973,58,-0.011047024793555182,0.295460335186857,0.055422242649165405,0.21750393118786648
Hair/Body,North America,Hair,Brand D,Lotion,1465,16,-0.015743581236130705,0.2015152469668975,0.05609470069923216,0.39120503012465024
Hair/Body,North America,Hair,Brand E,Body Wash,9787,42,-0.09935336311110458,0.2527649800564374,0.07285519318955509,0.45749442655191974
Hair/Body,North America,Hair,Brand E,Conditioner,2577,34,-0.0830101855688755,0.25115092145756907,0.08197696631561366,0.4912363681190701
Hair/Body,North America,Body,Brand A,Cream,4086,11,-0.1391341255733572,0.2439030329180676,0.07355980861710629,0.4570790405626826
Hair/Body,North America,Body,Brand A,Lotion,1415,12,-0.07786051440386933,0.15569764110696258,0.09727000855645716,0.24356225933480063
Hair/Body,North America,Body,Brand B,Cream,1936,37,-0.1228183690807293,0.23009436220235926,0.06947939399315403,0.24310853512408095
Hair/Body,North America,Body,Brand B,Deodorant,5916,45,-0.043792179818962426,0.20497506687461092,0.06418136281480367,0.30721477450299167
Hair/Body,North America,Body,Brand C,Soap,7863,19,-0.07896082349089477,0.23720136661674582,0.09319411392115026,0.21254383049102624
Hair/Body,North America,Body,Brand C,Shampoo,4446,52,-0.1118031994928379,0.2737911423867555,0.05718772561249452,0.4025687158302228
Hair/Body,North America,Body,Brand D,Lotion,5289,15,-0.004726153828579105,0.24085718146965038,0.0924264993462889,0.45402325058656356
Hair/Body,North America,Body,Brand D,Body Wash,8632,32,-0.019083881114364626,0.24895084667748615,0.06206881939652806,0.3770587055334889
Hair/Body,North America,Body,Brand E,Deodorant,3881,31,-0.020776645518869402,0.2648027090342292,0.07368076369620565,0.4808834399402764
Hair/Body,North America,Body,Brand E,Soap,6229,53,-0.03359667028819621,0.18717068186069402,0.05823584642935177,0.26868210371988743
Hair/Body,North America,Fragrance,Brand A,Body Wash,3178,10,-0.12781437446398594,0.18660935093135506,0.059174086056866984,0.24922342798739155
Hair/Body,North America,Fragrance,Brand A,Shampoo,3582,36,-0.025316368089362357,0.18349734625903436,0.07412017797183493,0.35024407473379543
Hair/Body,North America,Fragrance,Brand B,Deodorant,7089,11,-0.08114952516871585,0.15100301917717018,0.061144565119247915,0.4703176660136697
Hair/Body,North America,Fragrance,Brand B,Shampoo,5655,32,-0.13678023681436716,0.21522346308036105,0.09566962655121539,0.21705462051026275
Hair/Body,North America,Fragrance,Brand C,Cream,5995,59,-0.12450212027877697,0.1957133466790673,0.05062273563513661,0.2156744326709076
Hair/Body,North America,Fragrance,Brand C,Soap,4807,56,-0.0046762327963794925,0.22929734524835715,0.09333708150724089,0.32572492393511193
Hair/Body,North America,Fragrance,Brand D,Deodorant,7599,22,-0.14204708763788335,0.2895332012430488,0.07974554765971312,0.259136099924597
Hair/Body,North America,Fragrance,Brand D,Lotion,1737,25,-0.089536282715283,0.2862488260960008,0.09490913032265103,0.28290154768409237
Hair/Body,North America,Fragrance,Brand E,Conditioner,7884,56,-0.018255569078398537,0.19373845404195933,0.09073043376324864,0.45917797740166294
Hair/Body,North America,Fragrance,Brand E,Shampoo,9091,20,-0.02330031293435325,0.25307345583031593,0.05661059330890409,0.3046764328308409
Hair/Body,North America,Skincare,Brand A,Body Wash,2741,49,-0.08920995459736276,0.264724048586475,0.06048612838626752,0.44500172948537897
Hair/Body,North America,Skincare,Brand A,Shampoo,6401,22,-0.1250684511942442,0.1575151497132004,0.07068136748022552,0.2529785407729755
Hair/Body,North America,Skincare,Brand B,Perfume,6782,53,-0.11936815936363421,0.11760572406980717,0.09232731110533654,0.4636627466398749
Hair/Body,North America,Skincare,Brand B,Conditioner,9064,55,-0.05957655017509034,0.23917205132244293,0.08448340414391269,0.31600850230390265
Hair/Body,North America,Skincare,Brand C,Soap,6935,49,-0.08063801474412764,0.29628042820933886,0.08641866252434921,0.45251823079749476
Hair/Body,North America,Skincare,Brand C,Deodorant,4196,59,-0.06366794241650119,0.28124599019715674,0.09780194874739058,0.20518851629284027
Hair/Body,North America,Skincare,Brand D,Perfume,4508,28,-0.05008559540080053,0.15074010894529016,0.09082332953732394,0.2905223036359983
Hair/Body,North America,Skincare,Brand D,Body Wash,6212,30,-0.011159176972562523,0.20368528184918783,0.06927320445572464,0.22284930264770975
Hair/Body,North America,Skincare,Brand E,Perfume,9631,50,-0.07674063928943174,0.24815546098191166,0.0984844644596565,0.28932008583529883
Hair/Body,North America,Skincare,Brand E,Conditioner,7114,22,-0.02411796932010654,0.2736663469506043,0.09513155665328837,0.39128087261489064
Hair/Body,Europe,Hair,Brand A,Shampoo,7107,18,-0.03819227327709207,0.20690889275994637,0.07034044047667533,0.32396395547032475
Hair/Body,Europe,Hair,Brand A,Soap,5570,24,-0.0705650640414016,0.1638275455311306,0.06492448550409537,0.4587638552149991
Hair/Body,Europe,Hair,Brand B,Soap,4454,13,-0.05041109581164925,0.14793995635631188,0.09712830904574117,0.28940300323950574
Hair/Body,Europe,Hair,Brand B,Shampoo,1542,55,-0.08460249596190754,0.21761652774779427,0.05385333375565114,0.4258060993410874
Hair/Body,Europe,Hair,Brand C,Body Wash,3082,41,-0.07429764345660848,0.13412735416828808,0.0812415720311232,0.3757603394301099
Hair/Body,Europe,Hair,Brand C,Lotion,5285,49,-0.06120722787959511,0.19140762298666336,0.06548230388694523,0.215906868100045
Hair/Body,Europe,Hair,Brand D,Lotion,9995,51,-0.12373403317681285,0.120557228913789,0.05220811365069672,0.358520655953379
Hair/Body,Europe,Hair,Brand D,Deodorant,6575,14,-0.14553411718791234,0.1582555699560026,0.0969326022729588,0.4810175932928306
Hair/Body,Europe,Hair,Brand E,Cream,4924,13,-0.08287406460695543,0.12831299280127673,0.0924207652657929,0.4229525095091122
Hair/Body,Europe,Hair,Brand E,Lotion,6474,31,-0.1424949828426345,0.18811249580861578,0.08403109871220105,0.31967037512570456
Hair/Body,Europe,Body,Brand A,Shampoo,5696,43,-0.06814763195208039,0.17950182097586523,0.055868164402838844,0.46496703903627445
Hair/Body,Europe,Body,Brand A,Perfume,4586,13,-0.13724709117268905,0.19968389431719533,0.06704492522378899,0.38087171977873946
Hair/Body,Europe,Body,Brand B,Soap,2249,45,-0.12275081856663188,0.2390209569595214,0.07592760298832425,0.4293889915760814
Hair/Body,Europe,Body,Brand B,Cream,1512,42,-0.1255242810309671,0.2843679326719609,0.06728173165892438,0.2257610981890223
Hair/Body,Europe,Body,Brand C,Lotion,6714,20,-0.01846462526839021,0.22349931929301448,0.052473650626752404,0.3706601117930941
Hair/Body,Europe,Body,Brand C,Perfume,6946,48,-0.02256464589123533,0.23481002457289266,0.07349536937593457,0.3150899142210447
Hair/Body,Europe,Body,Brand D,Deodorant,8377,30,-0.07093371068671701,0.29705884556174733,0.07631899453818486,0.34985034156165373
Hair/Body,Europe,Body,Brand D,Lotion,5984,34,-0.10347656959166218,0.1355817445617809,0.05069371775572228,0.28392651562621873
Hair/Body,Europe,Body,Brand E,Conditioner,8559,42,-0.0503260569912093,0.19979227949171213,0.08442202816187994,0.2890760774421436
Hair/Body,Europe,Body,Brand E,Cream,7281,47,-0.14762208236838867,0.13633365042997697,0.06134515347329886,0.358036608095914
Hair/Body,Europe,Fragrance,Brand A,Cream,1651,47,-0.13626203083833568,0.11148758414604376,0.08470670538187489,0.36270660187366516
Hair/Body,Europe,Fragrance,Brand A,Deodorant,9025,30,-0.11839438720680324,0.12579959109955452,0.06029509642219896,0.27177707675347385
Hair/Body,Europe,Fragrance,Brand B,Lotion,5251,56,-0.0532402324631453,0.15853747910399535,0.0888093276566257,0.24318164918031576
Hair/Body,Europe,Fragrance,Brand B,Deodorant,7077,59,-0.08441737015840091,0.22050394904607634,0.07954193375984589,0.438784088694825
Hair/Body,Europe,Fragrance,Brand C,Perfume,9439,45,-0.06286246056408386,0.20839158737148733,0.08922399144539236,0.21569897109349445
Hair/Body,Europe,Fragrance,Brand C,Conditioner,3714,18,-0.14223354839788077,0.18548609970025043,0.07365027604872286,0.22349679792656915
Hair/Body,Europe,Fragrance,Brand D,Cream,4258,42,-0.12013190603234175,0.1262412653557511,0.05719365508564127,0.447108278101887
Hair/Body,Europe,Fragrance,Brand D,Body Wash,9567,23,-0.10135058649474799,0.17901772763387808,0.05611519254102149,0.20704992540220246
Hair/Body,Europe,Fragrance,Brand E,Body Wash,5382,45,-0.10506590566907531,0.2578484352658601,0.062347204378228424,0.42656236243428414
Hair/Body,Europe,Fragrance,Brand E,Perfume,8665,20,-0.10316714779942764,0.22488050383603447,0.0632002398143803,0.341940058690961
Hair/Body,Europe,Skincare,Brand A,Shampoo,4467,56,-0.005741388773773226,0.28963002700585705,0.06407318136574222,0.4068692159215932
Hair/Body,Europe,Skincare,Brand A,Soap,3012,18,-0.10210922902634732,0.12317201627847892,0.08198640838731622,0.31990148060045814
Hair/Body,Europe,Skincare,Brand B,Soap,8862,50,-0.12885363534317937,0.288953291819514,0.05329880137439984,0.4980446939490788
Hair/Body,Europe,Skincare,Brand B,Perfume,4613,12,-0.01896516434844775,0.28584554055049893,0.06821885384899361,0.4062299359021512
Hair/Body,Europe,Skincare,Brand C,Cream,3199,56,-0.14368057780177576,0.29382873655601494,0.0547582108723411,0.384120617461886
Hair/Body,Europe,Skincare,Brand C,Lotion,1106,29,-0.08865762805343283,0.2677594242014709,0.08545871705740371,0.45347894940106914
Hair/Body,Europe,Skincare,Brand D,Body Wash,8388,50,-0.012700813635038749,0.18557046925416404,0.08465954936460626,0.483238997878128
Hair/Body,Europe,Skincare,Brand D,Lotion,2739,29,-0.08931198524590074,0.13135492264044293,0.07632328843512497,0.3626119811563916
Hair/Body,Europe,Skincare,Brand E,Cream,9314,44,-0.07468397504442784,0.11938418516256505,0.0912784395104298,0.35179857025240935
Hair/Body,Europe,Skincare,Brand E,Conditioner,2597,15,-0.06392560901788914,0.2770996880131318,0.0952770767507851,0.3369832513780334
Hair/Body,Asia,Hair,Brand A,Perfume,5490,43,-0.02949092777797438,0.14108352680020148,0.07852210436664474,0.3421113930461329
Hair/Body,Asia,Hair,Brand A,Conditioner,3652,37,-0.008399445464694677,0.2327311975062634,0.0853589677056053,0.25143980718592546
Hair/Body,Asia,Hair,Brand B,Perfume,6948,16,-0.029404132694074395,0.11241789856765588,0.08190142448276168,0.2740469201736206
Hair/Body,Asia,Hair,Brand B,Soap,5325,50,-0.043056939637790156,0.21482649935317338,0.0998690927091626,0.4467696744706877
Hair/Body,Asia,Hair,Brand C,Shampoo,1803,56,-0.07504985466665512,0.1974872530492102,0.05603056880330768,0.4795130986802131
Hair/Body,Asia,Hair,Brand C,Perfume,6703,29,-0.02867413260436849,0.2915028704582817,0.0628523001269295,0.32482613070771116
Hair/Body,Asia,Hair,Brand D,Conditioner,6292,40,-0.08774951772383058,0.15937412367620174,0.09838200356576056,0.25888971754964785
Hair/Body,Asia,Hair,Brand D,Deodorant,7316,26,-0.006811041511023186,0.16292944498850134,0.07936975388355068,0.28209818729360986
Hair/Body,Asia,Hair,Brand E,Deodorant,8715,52,-0.018650172892170053,0.2595631912665505,0.07141543055234356,0.30662670429105565
Hair/Body,Asia,Hair,Brand E,Body Wash,6049,51,-0.053613322837126456,0.11885279012379138,0.08126620820789657,0.22009206782364948
Hair/Body,Asia,Body,Brand A,Conditioner,4145,42,-0.08276156274048732,0.1986961661878048,0.055820829706259685,0.3400640738606181
Hair/Body,Asia,Body,Brand A,Perfume,6591,33,-0.03724806871831768,0.10491828750969963,0.0598057590600771,0.40447297786560327
Hair/Body,Asia,Body,Brand B,Perfume,1478,29,-0.02850123541739759,0.2952615228778801,0.06808146946429115,0.41122134683338707
Hair/Body,Asia,Body,Brand B,Lotion,5370,51,-0.14718140112161285,0.1558677661699065,0.08481221805557379,0.27454494133667084
Hair/Body,Asia,Body,Brand C,Lotion,7724,37,-0.028819695831255196,0.22792974384446707,0.06446549759547515,0.2996295686172906
Hair/Body,Asia,Body,Brand C,Perfume,6664,16,-0.12261540090867509,0.12348034913820463,0.053070986935337815,0.444816112405746
Hair/Body,Asia,Body,Brand D,Soap,3695,30,-0.10645521703622016,0.24403656265721013,0.05462462513720023,0.41370006023087347
Hair/Body,Asia,Body,Brand D,Perfume,3626,17,-0.14256030034042258,0.10141462211698293,0.07283113839619175,0.4532338828872136
Hair/Body,Asia,Body,Brand E,Shampoo,9779,55,-0.07531984841697913,0.25775921869642043,0.08256226254384555,0.44299742132015996
Hair/Body,Asia,Body,Brand E,Lotion,3965,26,-0.09020245365698612,0.14224463556527178,0.062427806846171274,0.26384090354015144
Hair/Body,Asia,Fragrance,Brand A,Body Wash,7898,42,-0.13301079122317,0.21681560098990904,0.09015675492041728,0.4447689817475883
Hair/Body,Asia,Fragrance,Brand A,Lotion,7466,54,-0.04057963462400763,0.18707541507850478,0.06860861162472601,0.22879251717411744
Hair/Body,Asia,Fragrance,Brand B,Shampoo,4305,31,-0.1260334021908087,0.1687710259512038,0.055461992596261625,0.2597738860705071
Hair/Body,Asia,Fragrance,Brand B,Lotion,3654,56,-0.06361746255829423,0.10938705046435847,0.09760903998707617,0.4464789897972957
Hair/Body,Asia,Fragrance,Brand C,Shampoo,5236,57,-0.10600566587639135,0.16522236124265202,0.07917485753044112,0.2678257569017269
Hair/Body,Asia,Fragrance,Brand C,Deodorant,9297,51,-0.030604838191416933,0.28954142921326453,0.05408491907799662,0.497295341748762
Hair/Body,Asia,Fragrance,Brand D,Soap,6686,19,-0.11932916830100705,0.156368529425427,0.06355164391131372,0.2409187551314967
Hair/Body,Asia,Fragrance,Brand D,Shampoo,5312,49,-0.07319451721452082,0.15676689411203798,0.06982524094852126,0.4851712533739518
Hair/Body,Asia,Fragrance,Brand E,Cream,2184,39,-0.12184050581388245,0.22307593286182786,0.08739495816482318,0.22992343990412573
Hair/Body,Asia,Fragrance,Brand E,Lotion,4464,18,-0.0944894572547825,0.1953922916007103,0.07720440740777287,0.3320302898136787
Hair/Body,Asia,Skincare,Brand A,Soap,7110,36,-0.03906903440346188,0.12800471056523002,0.062412979407094844,0.2997095810393905
Hair/Body,Asia,Skincare,Brand A,Deodorant,6416,14,-0.04421655789400793,0.2946203732076983,0.06868142546230145,0.20995472685525418
Hair/Body,Asia,Skincare,Brand B,Deodorant,2693,56,-0.06110375448128942,0.20090307134233004,0.08910687270239949,0.20835063834399342
Hair/Body,Asia,Skincare,Brand B,Lotion,5729,20,-0.11303876934295212,0.2534642378407367,0.07401154416065919,0.3872009590702572
Hair/Body,Asia,Skincare,Brand C,Shampoo,2122,24,-0.06132967761018614,0.2069896100577247,0.0790330462858354,0.24075071265943204
Hair/Body,Asia,Skincare,Brand C,Cream,3694,40,-0.031242196024182378,0.15335213974420692,0.06306130014076233,0.3975126612675132
Hair/Body,Asia,Skincare,Brand D,Soap,9988,53,-0.026664249180324617,0.21827432807892932,0.09706868075829006,0.3253264039209893
Hair/Body,Asia,Skincare,Brand D,Cream,8338,46,-0.05911478727996203,0.10129649042304596,0.07282231543842936,0.3494064535362037
Hair/Body,Asia,Skincare,Brand E,Shampoo,6391,46,-0.11363447041561736,0.22503207527507788,0.06778694807324537,0.4838405717324409
Hair/Body,Asia,Skincare,Brand E,Deodorant,1566,24,-0.013969569206026183,0.2809128744583265,0.058153324263951395,0.22757060145879285
Hair/Body,South America,Hair,Brand A,Conditioner,3723,57,-0.03905331337825983,0.20362478876380083,0.06630030863307135,0.46623073705256
Hair/Body,South America,Hair,Brand A,Perfume,3674,37,-0.04884199974010854,0.21600926335134824,0.055464323391049376,0.37882226889847903
Hair/Body,South America,Hair,Brand B,Deodorant,3277,16,-0.13570649724247671,0.11374526021643878,0.0865219883720135,0.24363996261240742
Hair/Body,South America,Hair,Brand B,Body Wash,1506,44,-0.10259016101407188,0.1001349206630292,0.09798766061932612,0.3110763385009609
Hair/Body,South America,Hair,Brand C,Conditioner,1478,24,-0.14018996274618833,0.17216736261511212,0.06540193145946939,0.28125628472298325
Hair/Body,South America,Hair,Brand C,Shampoo,5656,10,-0.008007906413415172,0.12487280749912777,0.05425654847061362,0.36036084640136334
Hair/Body,South America,Hair,Brand D,Conditioner,6755,36,-0.024645138559426794,0.11699105932933057,0.05369420032341579,0.4221724398468455
Hair/Body,South America,Hair,Brand D,Cream,5457,56,-0.1391657470635117,0.26682740735575705,0.06580880188432535,0.28550922365278686
Hair/Body,South America,Hair,Brand E,Deodorant,1817,28,-0.05927719219379131,0.27583106131618623,0.06705962592065112,0.2834944626675153
Hair/Body,South America,Hair,Brand E,Shampoo,2361,36,-0.10583043909075651,0.17032659788566112,0.05929473900149384,0.39837320404512677
Hair/Body,South America,Body,Brand A,Deodorant,4804,51,-0.004080458465440501,0.23797163450083322,0.07080388741155799,0.21897748870480482
Hair/Body,South America,Body,Brand A,Perfume,5308,54,-0.024278117730023835,0.15845866655891855,0.08356046329602962,0.45745534110523517
Hair/Body,South America,Body,Brand B,Deodorant,6443,41,-0.0909606763384502,0.20663281749346413,0.093777855919538,0.34312186894084695
Hair/Body,South America,Body,Brand B,Soap,3885,33,-0.02003703477935359,0.2925965958533908,0.050662965732156194,0.2520989615794946
Hair/Body,South America,Body,Brand C,Perfume,1958,33,-0.033234921918372004,0.14353226346469436,0.05583216042729468,0.2941838555753452
Hair/Body,South America,Body,Brand C,Conditioner,2235,46,-0.14770704699769843,0.24891271053142452,0.05427219280464961,0.2993013839848439
Hair/Body,South America,Body,Brand D,Soap,6123,50,-0.05336813225832897,0.20035516883780086,0.07713942994820536,0.24475865892567766
Hair/Body,South America,Body,Brand D,Lotion,9700,17,-0.0854759509930436,0.27933870852445164,0.08339106737410046,0.22563662065384124
Hair/Body,South America,Body,Brand E,Deodorant,5001,56,-0.014398102536511304,0.19462210294024992,0.08935968524141936,0.2769054374074367
Hair/Body,South America,Body,Brand E,Conditioner,1417,24,-0.03125102730821895,0.1407840938853772,0.09985640490504868,0.4100700684391822
Hair/Body,South America,Fragrance,Brand A,Deodorant,9218,45,-0.03958317707429061,0.26492412641149954,0.07969563995846159,0.35739351712914635
Hair/Body,South America,Fragrance,Brand A,Lotion,9591,14,-0.1196781327575866,0.25216952063259657,0.0612295771188917,0.4927288953783445
Hair/Body,South America,Fragrance,Brand B,Deodorant,3396,21,-0.07249011518369562,0.13589733851675243,0.06435839107628125,0.2574107095855302
Hair/Body,South America,Fragrance,Brand B,Lotion,8416,30,-0.05758348790555522,0.2906023050213282,0.09373424630290177,0.482988849750768
Hair/Body,South America,Fragrance,Brand C,Cream,1921,25,-0.12291495065132944,0.11509086067074303,0.05048657170215087,0.45461309900191904
Hair/Body,South America,Fragrance,Brand C,Conditioner,1052,33,-0.04702822873966872,0.21323498540376806,0.05695062062164852,0.4942580460659271
Hair/Body,South America,Fragrance,Brand D,Cream,9800,51,-0.007146022288792742,0.22179167852870413,0.09984293140542952,0.3488107177120034
Hair/Body,South America,Fragrance,Brand D,Soap,2411,19,-0.11635423526493137,0.17384954035125072,0.09585755210802616,0.37768092098443085
Hair/Body,South America,Fragrance,Brand E,Conditioner,5108,22,-0.09721538985923205,0.2803792862283524,0.05784193830413343,0.4842551967356917
Hair/Body,South America,Fragrance,Brand E,Shampoo,3625,45,-0.0911041632655363,0.22086867069537985,0.0926542852539367,0.48749244273028935
Hair/Body,South America,Skincare,Brand A,Body Wash,7183,46,-0.07733839745177375,0.10459432983201594,0.077296169425985,0.332148398545441
Hair/Body,South America,Skincare,Brand A,Soap,6275,19,-0.1492445021755848,0.13663629233396526,0.06308675333121473,0.4275506893443807
Hair/Body,South America,Skincare,Brand B,Lotion,7719,17,-0.1363555067166962,0.19785059942468208,0.07288149268968147,0.246053472113613
Hair/Body,South America,Skincare,Brand B,Cream,3092,18,-0.07712680601858433,0.28364516852635047,0.06590480730769344,0.4483122768350353
Hair/Body,South America,Skincare,Brand C,Body Wash,1960,51,-0.069870881477925,0.17568102678176267,0.05719813207109006,0.4702889640608223
Hair/Body,South America,Skincare,Brand C,Shampoo,5445,52,-0.13331127686248098,0.2780249986526559,0.09738524972545985,0.3758532185376337
Hair/Body,South America,Skincare,Brand D,Perfume,1525,59,-0.1166593552258001,0.28084937064886606,0.051587670069033906,0.46977490270578165
Hair/Body,South America,Skincare,Brand D,Deodorant,4674,50,-0.100292838562279,0.20756203320111374,0.07392793998573213,0.3698383412025025
Hair/Body,South America,Skincare,Brand E,Conditioner,7890,19,-0.09551710805403713,0.25954719176480995,0.09681444998938404,0.46465393369947566
Hair/Body,South America,Skincare,Brand E,Body Wash,5168,49,-0.10873153151361553,0.23146666488512305,0.0787494697393368,0.2984272874806953
Hair/Body,Africa,Hair,Brand A,Conditioner,7120,23,-0.06489884611932649,0.2602924503425642,0.0921793041492149,0.20834184556713786
Hair/Body,Africa,Hair,Brand A,Shampoo,6425,20,-0.1014798518671769,0.16106278274892025,0.07755964959250775,0.42179610467043466
Hair/Body,Africa,Hair,Brand B,Perfume,5825,21,-0.04580470276763568,0.2514867922421927,0.06682474378843152,0.2553381170771733
Hair/Body,Africa,Hair,Brand B,Soap,9941,16,-0.11928762973633457,0.24752719477541682,0.06314086847964508,0.43591995106496517
Hair/Body,Africa,Hair,Brand C,Shampoo,5204,52,-0.12391240806697765,0.11318541944672184,0.07956282364848194,0.3925173951528392
Hair/Body,Africa,Hair,Brand C,Soap,9773,26,-0.14521417523010285,0.1364273118242452,0.09566677937113328,0.350884933282924
Hair/Body,Africa,Hair,Brand D,Cream,6126,42,-0.1305098672216322,0.285437313489327,0.07548598739160144,0.21929679454070125
Hair/Body,Africa,Hair,Brand D,Shampoo,6871,31,-0.13891893575918776,0.1197971464249646,0.06773599049667497,0.24696069965972609
Hair/Body,Africa,Hair,Brand E,Deodorant,6236,34,-0.04768721874892343,0.24637891961140265,0.0770927623836032,0.2514417376014531
Hair/Body,Africa,Hair,Brand E,Conditioner,2571,49,-0.010662866019035822,0.2562596678318546,0.0745431152763098,0.22395324441841874
Hair/Body,Africa,Body,Brand A,Conditioner,5146,34,-0.13734080502714055,0.2967684768030039,0.06921123985361922,0.3053866346485487
Hair/Body,Africa,Body,Brand A,Perfume,6234,47,-0.017466372951472825,0.15473484198891993,0.07535262548602945,0.45559060453804723
Hair/Body,Africa,Body,Brand B,Deodorant,4003,26,-0.09091957347671781,0.14942628067603914,0.061613845883881975,0.3823244654561742
Hair/Body,Africa,Body,Brand B,Shampoo,3512,29,-0.08328037311909674,0.28221698393897043,0.09245833989959665,0.20935052532430534
Hair/Body,Africa,Body,Brand C,Shampoo,7097,37,-0.09933204745314814,0.10499856267245555,0.05347633457445802,0.3503640356193429
Hair/Body,Africa,Body,Brand C,Deodorant,7222,42,-0.026708533949390947,0.1728018059630988,0.061285550266711036,0.34718496240934305
Hair/Body,Africa,Body,Brand D,Perfume,5746,54,-0.08510376546301825,0.28898584631961366,0.07887826904531187,0.27698508472430283
Hair/Body,Africa,Body,Brand D,Lotion,9873,45,-0.04783085957896571,0.12918849668854843,0.09854696797743095,0.3334651844572979
Hair/Body,Africa,Body,Brand E,Perfume,4179,16,-0.011013502334447117,0.26458090767809817,0.05190856158861923,0.3776848357217564
Hair/Body,Africa,Body,Brand E,Shampoo,7297,56,-0.11282516861920447,0.19669634446434625,0.09353856718022857,0.2588881526364303
Hair/Body,Africa,Fragrance,Brand A,Perfume,9771,57,-0.030985137120448328,0.2563690115054226,0.06248123789184887,0.30624977584622814
Hair/Body,Africa,Fragrance,Brand A,Lotion,2451,12,-0.015109126778693166,0.2629193140605216,0.08074297428582763,0.34796469068478825
Hair/Body,Africa,Fragrance,Brand B,Perfume,1968,53,-0.1441618670576374,0.23840618377515932,0.05062352228020897,0.3473596988990504
Hair/Body,Africa,Fragrance,Brand B,Lotion,9856,23,-0.12878119402084132,0.16585983781166053,0.0808311412349951,0.302672261603621
Hair/Body,Africa,Fragrance,Brand C,Deodorant,2718,13,-0.06972393813886922,0.2415854846414829,0.07073787910410008,0.2411996074167636
Hair/Body,Africa,Fragrance,Brand C,Cream,9706,28,-0.10523650770495427,0.1022467782134,0.05910145468281405,0.2690867792341265
Hair/Body,Africa,Fragrance,Brand D,Perfume,3037,18,-0.06036292012418902,0.2522936386912228,0.08044345773429668,0.3564334234882621
Hair/Body,Africa,Fragrance,Brand D,Conditioner,3269,27,-0.14545060362520318,0.11832165607793964,0.09969740492924797,0.4319613718185222
Hair/Body,Africa,Fragrance,Brand E,Perfume,9665,53,-0.006680386062556082,0.2042483442959364,0.06599293086267945,0.2742063587631591
Hair/Body,Africa,Fragrance,Brand E,Shampoo,4309,31,-0.13223091609283766,0.11369727375250774,0.09483697782461561,0.34573243634607553
Hair/Body,Africa,Skincare,Brand A,Cream,9693,25,-0.08566504770449675,0.2954772480279151,0.05177863575453229,0.3585616904130976
Hair/Body,Africa,Skincare,Brand A,Perfume,1207,38,-0.03049660912862298,0.10955536726964231,0.07155490608142785,0.4472571667282885
Hair/Body,Africa,Skincare,Brand B,Perfume,2520,29,-0.005287805273320512,0.16304087649030138,0.09471759139178117,0.3445289076506721
Hair/Body,Africa,Skincare,Brand B,Body Wash,1981,13,-0.13267124081968248,0.2861101280616243,0.09406276518623699,0.20690418655863235
Hair/Body,Africa,Skincare,Brand C,Perfume,6386,36,-0.12356658330525443,0.10645225582782092,0.07540954499626616,0.42677544631730296
Hair/Body,Africa,Skincare,Brand C,Lotion,1011,43,-0.14387164188516455,0.13534081726705016,0.053815086295492864,0.35768725255066247
Hair/Body,Africa,Skincare,Brand D,Shampoo,1556,41,-0.05443245619451827,0.2392246495624777,0.08141164692287714,0.28337026838061247
Hair/Body,Africa,Skincare,Brand D,Cream,1049,57,-0.14861171168875406,0.17543296512531592,0.07147267921958374,0.28116848142260814
Hair/Body,Africa,Skincare,Brand E,Shampoo,3361,11,-0.10609767042403065,0.19524999068082782,0.0676956570275655,0.46957802715583513
Hair/Body,Africa,Skincare,Brand E,Deodorant,6679,14,-0.0899030718482203,0.19167462881116426,0.07735442074943277,0.34474155759082037
CC/Fragrances,North America,Hair,Brand A,Body Wash,6805,46,-0.11529794524585035,0.1808819186992032,0.08327197493667053,0.21570481926353455
CC/Fragrances,North America,Hair,Brand A,Cream,6750,29,-0.0971016597829195,0.2208060439659164,0.055095254039636624,0.39389053465521684
CC/Fragrances,North America,Hair,Brand B,Lotion,9236,28,-0.06841022610707762,0.2711802415322769,0.061689712449430445,0.45712206876421746
CC/Fragrances,North America,Hair,Brand B,Body Wash,4262,10,-0.01812807793269469,0.15800840943353925,0.060469960676292865,0.2173572521163579
CC/Fragrances,North America,Hair,Brand C,Cream,8840,49,-0.0020998591857891713,0.13998117231098878,0.08417198056271552,0.25586139259123536
CC/Fragrances,North America,Hair,Brand C,Body Wash,7863,16,-0.11596255426126396,0.2749888825224432,0.09368326984758502,0.26467854758413495
CC/Fragrances,North America,Hair,Brand D,Conditioner,5543,47,-0.03360264985640492,0.1336187470677259,0.08381766555219997,0.38892865506643326
CC/Fragrances,North America,Hair,Brand D,Body Wash,7327,17,-0.048585955918725915,0.252613416135577,0.056460335039930976,0.4101945553819168
CC/Fragrances,North America,Hair,Brand E,Body Wash,4962,48,-0.1326753818370231,0.2900782870273495,0.09223753059720144,0.4837390097758182
CC/Fragrances,North America,Hair,Brand E,Conditioner,4530,12,-0.1010533777760216,0.21485641116909548,0.08272205613683381,0.4613732205575687
CC/Fragrances,North America,Body,Brand A,Body Wash,4363,13,-0.01694836107136566,0.20080341702244875,0.07380631187563161,0.37906697601092887
CC/Fragrances,North America,Body,Brand A,Lotion,8476,30,-0.03974178071614,0.2763339810209209,0.0802295833049815,0.3188395826739012
CC/Fragrances,North America,Body,Brand B,Conditioner,9666,31,-0.14038977097727456,0.15180594601143127,0.07714189483209162,0.30773041311344923
CC/Fragrances,North America,Body,Brand B,Soap,6813,42,-0.04336748246931764,0.1536499565664065,0.09223968963312525,0.4581018036344988
CC/Fragrances,North America,Body,Brand C,Body Wash,8001,52,-0.149774832324414,0.12487691030794718,0.0505564796727483,0.20963349313995755
CC/Fragrances,North America,Body,Brand C,Cream,5008,14,-0.03317746617918582,0.29187693487651684,0.05098809059874084,0.23907733955141694
CC/Fragrances,North America,Body,Brand D,Perfume,7600,52,-0.1435983885352501,0.18585433145446784,0.09879664867767556,0.20812877297857063
CC/Fragrances,North America,Body,Brand D,Conditioner,3388,51,-0.1268316983914455,0.20644096843719337,0.08850107645004454,0.39882633897688247
CC/Fragrances,North America,Body,Brand E,Soap,5162,33,-0.04572608660376154,0.1550850657726555,0.07261966377240006,0.3078319634238896
CC/Fragrances,North America,Body,Brand E,Shampoo,1415,11,-0.14305754948824242,0.1864983233820322,0.06416359710817592,0.2567536589442877
CC/Fragrances,North America,Fragrance,Brand A,Conditioner,9301,48,-0.014424884463545812,0.1260275006367462,0.055568580204187534,0.29174148323872434
CC/Fragrances,North America,Fragrance,Brand A,Deodorant,3786,14,-0.030008213173427,0.1361719420570569,0.05229997998323854,0.31838779618262364
CC/Fragrances,North America,Fragrance,Brand B,Cream,5012,47,-0.05988979745923137,0.17150272818367973,0.05141306702546494,0.37090498833098984
CC/Fragrances,North America,Fragrance,Brand B,Shampoo,8179,12,-0.02003040952771662,0.17563060767147795,0.05650083657001051,0.3666751838520682
CC/Fragrances,North America,Fragrance,Brand C,Cream,1090,13,-0.04340557006267125,0.16490018412056867,0.05757607275786163,0.4504693299277147
CC/Fragrances,North America,Fragrance,Brand C,Conditioner,7484,58,-0.05123917209972627,0.2191690428754742,0.061248464755136074,0.44521100076459286
CC/Fragrances,North America,Fragrance,Brand D,Conditioner,2392,44,-0.029020871495635106,0.11069574676693289,0.07567719849617482,0.2388320880242303
CC/Fragrances,North America,Fragrance,Brand D,Lotion,3751,48,-0.013287472477584744,0.299715569334578,0.08858734027829608,0.27607879930298984
CC/Fragrances,North America,Fragrance,Brand E,Perfume,1197,49,-0.0725189675754199,0.26160014563297873,0.09631170886847316,0.4667600780305698
CC/Fragrances,North America,Fragrance,Brand E,Conditioner,9918,24,-0.04175051839411836,0.13694714175810038,0.09511473282697135,0.3601790935372329
CC/Fragrances,North America,Skincare,Brand A,Soap,6857,59,-0.1072351691130514,0.29804905654546976,0.08944044592585136,0.2857150500738298
CC/Fragrances,North America,Skincare,Brand A,Lotion,8698,11,-0.12316971179697234,0.2989629961333171,0.06031531911517113,0.4071266552451531
CC/Fragrances,North America,Skincare,Brand B,Body Wash,5423,32,-0.11612450324320414,0.11918883757307977,0.06911231070379323,0.47845648860665624
CC/Fragrances,North America,Skincare,Brand B,Conditioner,2620,49,-0.13232581039551905,0.2782773966432861,0.05133970146899319,0.49604459187079336
CC/Fragrances,North America,Skincare,Brand C,Cream,1998,53,-0.03494185506810213,0.12262490706235417,0.08066372052241927,0.330727718597978
CC/Fragrances,North America,Skincare,Brand C,Lotion,4097,29,-0.036310318874507835,0.2536481139460733,0.05395527764859489,0.3854924651288437
CC/Fragrances,North America,Skincare,Brand D,Soap,7619,32,-0.006090754523996017,0.13370214455573165,0.09415383692111837,0.4082618193995617
CC/Fragrances,North America,Skincare,Brand D,Cream,1837,36,-0.1057669928905976,0.1102543761077902,0.07694415448938492,0.42036960318962824
CC/Fragrances,North America,Skincare,Brand E,Body Wash,3322,37,-0.134475622229824,0.2466535890861868,0.06932620255532086,0.23946331617257663
CC/Fragrances,North America,Skincare,Brand E,Conditioner,4013,20,-0.12180850572082746,0.19828985582041736,0.08387742359037667,0.40500989593008363
CC/Fragrances,Europe,Hair,Brand A,Body Wash,2755,16,-0.09263862904606926,0.2138019664794489,0.062359267078451734,0.4091438116925142
CC/Fragrances,Europe,Hair,Brand A,Shampoo,7684,30,-0.09952204918449102,0.28890181916460794,0.07584790783401804,0.3264191530288397
CC/Fragrances,Europe,Hair,Brand B,Soap,5381,44,-0.08672560940441831,0.25600621862771794,0.08862531768460219,0.4444727140606436
CC/Fragrances,Europe,Hair,Brand B,Body Wash,2243,12,-0.08519688471506759,0.11827731431748123,0.08900354644313448,0.3842616374537071
CC/Fragrances,Europe,Hair,Brand C,Conditioner,3240,34,-0.04249375942625683,0.2740795105475118,0.0769963489419454,0.35082889403399664
CC/Fragrances,Europe,Hair,Brand C,Deodorant,3450,12,-0.061906347023359426,0.2760843608405605,0.06809970990911844,0.46733889735917966
CC/Fragrances,Europe,Hair,Brand D,Perfume,4825,21,-0.07344252255970123,0.12139674681063184,0.09126623918793997,0.24578238947362108
CC/Fragrances,Europe,Hair,Brand D,Body Wash,5474,18,-0.06460992328281613,0.25231033670046227,0.06553981842063955,0.2185522400072257
CC/Fragrances,Europe,Hair,Brand E,Body Wash,8983,56,-0.14049995389073572,0.2047913175895739,0.08351720558824902,0.3663307146467575
CC/Fragrances,Europe,Hair,Brand E,Perfume,5131,18,-0.13564824854988367,0.2574944478367741,0.06958327256329008,0.42927109486798554
CC/Fragrances,Europe,Body,Brand A,Soap,3630,59,-0.1095733728859713,0.14307166931736778,0.07552331672268056,0.2504185630252333
CC/Fragrances,Europe,Body,Brand A,Cream,5117,13,-0.05718810267948937,0.2003049949007178,0.07541334796723811,0.48566899424796334
CC/Fragrances,Europe,Body,Brand B,Cream,8661,32,-0.13750182150077916,0.166949117608188,0.07664288305499681,0.48010124393438014
CC/Fragrances,Europe,Body,Brand B,Perfume,2745,55,-0.00012585631929823426,0.2720809911062252,0.09993018164202842,0.43364481327081433
CC/Fragrances,Europe,Body,Brand C,Conditioner,5485,49,-0.033850766091402903,0.21178902825537044,0.06975418827369681,0.36574182194976457
CC/Fragrances,Europe,Body,Brand C,Perfume,5587,59,-0.1365757252104187,0.10352678219280319,0.06189061777506157,0.49216588518946575
CC/Fragrances,Europe,Body,Brand D,Lotion,4865,50,-0.12193913770758406,0.2922716677223025,0.07074497582946047,0.4732433162800664
CC/Fragrances,Europe,Body,Brand D,Deodorant,2905,12,-0.023220628038922497,0.20468705675779064,0.0665176499113751,0.4765709438166331
CC/Fragrances,Europe,Body,Brand E,Body Wash,9010,15,-0.04034055358322891,0.17601591204964898,0.09121551648450703,0.3957314363858593
CC/Fragrances,Europe,Body,Brand E,Conditioner,6969,34,-0.02136009745865841,0.15144716644641992,0.07184311574083208,0.4707783860459426
CC/Fragrances,Europe,Fragrance,Brand A,Shampoo,3770,32,-0.09807239420812318,0.11930414653363944,0.05837751761223216,0.3291827206746252
CC/Fragrances,Europe,Fragrance,Brand A,Deodorant,7413,49,-0.1154156787060388,0.18716540815728772,0.09331192374880896,0.328675815516666
CC/Fragrances,Europe,Fragrance,Brand B,Shampoo,8740,22,-0.10092401093609561,0.15613997260753892,0.0625803924579385,0.42410369791102726
CC/Fragrances,Europe,Fragrance,Brand B,Body Wash,8481,55,-0.1198531001421031,0.20695322527433146,0.051908689151276485,0.28300339835208665
CC/Fragrances,Europe,Fragrance,Brand C,Conditioner,2466,43,-0.029221133763816354,0.2647565858787513,0.06144019763500429,0.37308382609493906
CC/Fragrances,Europe,Fragrance,Brand C,Soap,1114,45,-0.06443063095409543,0.1045775648056193,0.09966667076827385,0.20577757396427088
CC/Fragrances,Europe,Fragrance,Brand D,Deodorant,4445,44,-0.10153024922298484,0.2825857614399445,0.08326651072423374,0.47814416668867005
CC/Fragrances,Europe,Fragrance,Brand D,Cream,7914,45,-0.01366979621656289,0.2041894623063908,0.09434005587688314,0.2622373753160857
CC/Fragrances,Europe,Fragrance,Brand E,Cream,2139,29,-0.10253648668221457,0.2434614200768105,0.09595145578849952,0.30906182354590545
CC/Fragrances,Europe,Fragrance,Brand E,Body Wash,4294,43,-0.13792038089896627,0.12935819718437983,0.08035739346690703,0.3784628275494598
CC/Fragrances,Europe,Skincare,Brand A,Deodorant,3500,26,-0.0028955558291939576,0.10995979307735469,0.061278962624161396,0.22000805562594855
CC/Fragrances,Europe,Skincare,Brand A,Soap,4936,23,-0.08323340684998971,0.1541758871526885,0.07424793241250373,0.28515752745913764
CC/Fragrances,Europe,Skincare,Brand B,Soap,6688,29,-0.03857537094802965,0.2788819651231511,0.05240572347028928,0.382906620288621
CC/Fragrances,Europe,Skincare,Brand B,Shampoo,4668,29,-0.036156158075220296,0.12463387130801007,0.06791497139168379,0.21702638662369902
CC/Fragrances,Europe,Skincare,Brand C,Shampoo,2623,50,-0.037454055639945055,0.2930814072199728,0.05684609560081524,0.3922931858876134
CC/Fragrances,Europe,Skincare,Brand C,Conditioner,8723,12,-0.09868938013163878,0.26152308608716923,0.08058567535868881,0.26884475729385626
CC/Fragrances,Europe,Skincare,Brand D,Lotion,5668,37,-0.04384959946171274,0.13944827336687993,0.07017366107682435,0.483746330692173
CC/Fragrances,Europe,Skincare,Brand D,Cream,3786,31,-0.09197094040939816,0.152888772290767,0.06400385030706085,0.31373806536539683
CC/Fragrances,Europe,Skincare,Brand E,Deodorant,8418,37,-0.0429953203427087,0.25014399067036597,0.05400210196963519,0.40756846788708556
CC/Fragrances,Europe,Skincare,Brand E,Body Wash,7297,16,-0.13414203268344163,0.15221322445293767,0.07317118453839777,0.4561960670687864
CC/Fragrances,Asia,Hair,Brand A,Perfume,3197,33,-0.08251360207025453,0.12243803788910934,0.09673603579597062,0.24158281540713736
CC/Fragrances,Asia,Hair,Brand A,Body Wash,1431,34,-0.06214986694851955,0.23658892437328177,0.08368490803069174,0.4359611441613147
CC/Fragrances,Asia,Hair,Brand B,Perfume,7685,24,-0.050154750349025196,0.13149504755441155,0.09962373430479503,0.31005312685457986
CC/Fragrances,Asia,Hair,Brand B,Shampoo,8887,46,-0.07701634894750276,0.24698182603331087,0.06637284623788708,0.2502219395074473
CC/Fragrances,Asia,Hair,Brand C,Cream,9248,38,-0.11337566750084616,0.22627838513671486,0.07653342175362396,0.3156674605028113
CC/Fragrances,Asia,Hair,Brand C,Body Wash,8906,44,-0.06288673834217326,0.27475376821660724,0.08589443710345926,0.3371916076279979
CC/Fragrances,Asia,Hair,Brand D,Perfume,2752,35,-0.128529967047729,0.25891838369156317,0.0824002926305779,0.4188897554128155
CC/Fragrances,Asia,Hair,Brand D,Deodorant,4302,12,-0.11322507781640842,0.11893052132897453,0.06291129417844041,0.22886451564759847
CC/Fragrances,Asia,Hair,Brand E,Body Wash,4197,22,-0.0054403573698317,0.14795497661917098,0.07574962471031377,0.26324496043509277
CC/Fragrances,Asia,Hair,Brand E,Shampoo,4872,48,-0.1019991721659177,0.26653597851132615,0.09627906035168302,0.26839107727712386
CC/Fragrances,Asia,Body,Brand A,Shampoo,2795,41,-0.025971612331810556,0.19230598240660177,0.08036608173980714,0.492372788520199
CC/Fragrances,Asia,Body,Brand A,Lotion,1909,56,-0.054698349333212146,0.2422988569320412,0.06615001235364112,0.2744563809330818
CC/Fragrances,Asia,Body,Brand B,Deodorant,3355,29,-0.10040663067188002,0.26561761536396067,0.05412350819446735,0.20908075109287394
CC/Fragrances,Asia,Body,Brand B,Soap,7326,59,-0.0026169163346978774,0.28388534797119,0.09998384309063736,0.39762264006791703
CC/Fragrances,Asia,Body,Brand C,Conditioner,1047,36,-0.1058138736854195,0.2660760009051798,0.07165340355851568,0.2739865875412909
CC/Fragrances,Asia,Body,Brand C,Deodorant,7406,26,-0.11374305618857819,0.24417775572324957,0.07577767354058682,0.32597732235630694
CC/Fragrances,Asia,Body,Brand D,Perfume,9623,54,-0.11905732075927378,0.17936927226114951,0.06804244115585872,0.27091142165594057
CC/Fragrances,Asia,Body,Brand D,Soap,2769,11,-0.003516356084323352,0.2424915788521347,0.09794925054467374,0.39228376972766754
CC/Fragrances,Asia,Body,Brand E,Conditioner,7045,54,-0.14847060238010976,0.25340278583293807,0.07496114468247748,0.23205287916213269
CC/Fragrances,Asia,Body,Brand E,Body Wash,4406,36,-0.055180372939671554,0.1695103913068582,0.06827346400911946,0.3424537817460509
CC/Fragrances,Asia,Fragrance,Brand A,Conditioner,3134,20,-0.05664882836125666,0.11273484468129169,0.08606891708462613,0.20383887856609798
CC/Fragrances,Asia,Fragrance,Brand A,Shampoo,7258,42,-0.132455581455204,0.2298343410814073,0.09518355177752537,0.22939979880493613
CC/Fragrances,Asia,Fragrance,Brand B,Shampoo,9112,44,-0.008954224957360868,0.29764276474547857,0.07148824867142332,0.4923822435927737
CC/Fragrances,Asia,Fragrance,Brand B,Cream,1501,48,-0.14588558830515916,0.14011618138190174,0.07714948496136351,0.21595253286606814
CC/Fragrances,Asia,Fragrance,Brand C,Cream,1013,56,-0.06916267771567787,0.13328622083424557,0.09734306759385121,0.34076714109858663
CC/Fragrances,Asia,Fragrance,Brand C,Shampoo,5097,23,-0.04635763758894147,0.17752456180483822,0.06386020019424585,0.44443114595820477
CC/Fragrances,Asia,Fragrance,Brand D,Shampoo,3071,42,-0.054335901080511576,0.14938865683816016,0.05283699125789136,0.26056011105858773
CC/Fragrances,Asia,Fragrance,Brand D,Conditioner,9075,12,-0.08479888676012982,0.10377727029006763,0.07299138637897351,0.43334216350579646
CC/Fragrances,Asia,Fragrance,Brand E,Shampoo,9960,25,-0.10284979426987798,0.2193044583398086,0.09234195543428872,0.41144224234424315
CC/Fragrances,Asia,Fragrance,Brand E,Body Wash,5344,33,-0.11452209217103157,0.18151640737040578,0.06426005759555352,0.2918988973895165
CC/Fragrances,Asia,Skincare,Brand A,Perfume,3746,37,-0.019518587416357397,0.11743678320597167,0.05939977383018933,0.4782946345986419
CC/Fragrances,Asia,Skincare,Brand A,Shampoo,4677,56,-0.05655066779240259,0.11860120749581649,0.06970811834741514,0.2522748058841952
CC/Fragrances,Asia,Skincare,Brand B,Deodorant,2419,35,-0.004826307622884829,0.13169008085189524,0.06441128970104106,0.3576446586976366
CC/Fragrances,Asia,Skincare,Brand B,Shampoo,7880,41,-0.14757609981027142,0.28874437537591047,0.057618790018379204,0.4055198723336505
CC/Fragrances,Asia,Skincare,Brand C,Cream,6470,45,-0.07336306295233491,0.12105277786311404,0.05012176116909184,0.35988005155902447
CC/Fragrances,Asia,Skincare,Brand C,Body Wash,2754,19,-0.12900361920454764,0.25480231583424817,0.09041089692106079,0.3821393072372362
CC/Fragrances,Asia,Skincare,Brand D,Deodorant,4681,52,-0.09151694331523844,0.14078495450190281,0.08023208766418642,0.22820468374442468
CC/Fragrances,Asia,Skincare,Brand D,Lotion,3722,38,-0.1021261643590543,0.19339198071102215,0.09394395709772736,0.4956833020572546
CC/Fragrances,Asia,Skincare,Brand E,Deodorant,6036,27,-0.11661636053579075,0.16643603640941892,0.0792729535678929,0.2453219974691596
CC/Fragrances,Asia,Skincare,Brand E,Conditioner,8874,39,-0.13211199908287008,0.15297936184516642,0.07509383248605506,0.4313331731264931
CC/Fragrances,South America,Hair,Brand A,Lotion,8897,52,-0.09968400522317905,0.1290131636920157,0.05804866301487368,0.21968942735880598
CC/Fragrances,South America,Hair,Brand A,Body Wash,7044,49,-0.022854369602892027,0.12190411657108963,0.07176201623817308,0.42240629125044926
CC/Fragrances,South America,Hair,Brand B,Deodorant,9979,19,-0.101262006350223,0.28042598997897394,0.05427683430139926,0.3532293850395388
CC/Fragrances,South America,Hair,Brand B,Body Wash,8087,22,-0.005970894980614289,0.14451127479684886,0.05279729973514313,0.2875170045568236
CC/Fragrances,South America,Hair,Brand C,Soap,5942,43,-0.1373001897953374,0.19857928541750808,0.08588655464617137,0.3491620911830477
CC/Fragrances,South America,Hair,Brand C,Perfume,2703,42,-0.14382369358450434,0.19975858836222288,0.06513964394254432,0.24738328935722145
CC/Fragrances,South America,Hair,Brand D,Shampoo,3023,38,-0.0950886104307059,0.15725769752310187,0.05326502530547887,0.45963504932216054
CC/Fragrances,South America,Hair,Brand D,Conditioner,2256,28,-0.09701964128622861,0.1860726169447975,0.06622413959233504,0.44920223324068603
CC/Fragrances,South America,Hair,Brand E,Soap,6007,52,-0.1441416610795366,0.14237821344218582,0.06488970836031614,0.49628207281241365
CC/Fragrances,South America,Hair,Brand E,Cream,6672,48,-0.12335699546468572,0.10324597483022434,0.08654249150459853,0.4795723817533314
CC/Fragrances,South America,Body,Brand A,Deodorant,6190,33,-0.10965750860855558,0.10632870838305751,0.06634212764518602,0.3949852520673025
CC/Fragrances,South America,Body,Brand A,Body Wash,3675,34,-0.04013178186633479,0.1824424956006652,0.05416391011258373,0.438156123773382
CC/Fragrances,South America,Body,Brand B,Cream,6752,19,-0.0556798690688938,0.14965249565653865,0.09765000066122018,0.45826388647050215
CC/Fragrances,South America,Body,Brand B,Deodorant,3322,24,-0.10704511202627985,0.27352472466041067,0.07015039973253771,0.4612820116137533
CC/Fragrances,South America,Body,Brand C,Conditioner,1954,22,-0.08843951839935733,0.1736267739401068,0.086661750209962,0.25537190137666
CC/Fragrances,South America,Body,Brand C,Lotion,2370,12,-0.13745483830632557,0.1251705080525159,0.09280346724507799,0.48025259296684064
CC/Fragrances,South America,Body,Brand D,Body Wash,4762,58,-0.10701916024249958,0.22306590052455078,0.08276357861113769,0.24121024639530964
CC/Fragrances,South America,Body,Brand D,Soap,7250,27,-0.14712268847518356,0.10213795224433152,0.06968807677255187,0.32906339590274986
CC/Fragrances,South America,Body,Brand E,Lotion,4228,51,-0.11719525496416527,0.1761660227231931,0.08425028115167665,0.4670765919841158
CC/Fragrances,South America,Body,Brand E,Soap,6877,19,-0.08049625816593513,0.2810712638237749,0.09662613786735845,0.2106652826581078
CC/Fragrances,South America,Fragrance,Brand A,Soap,2468,27,-0.08608226233295092,0.1158428583035026,0.06535715619775179,0.4466444370208713
CC/Fragrances,South America,Fragrance,Brand A,Cream,9956,43,-0.13340223138256344,0.12199815373140438,0.06058202163184116,0.3992649325850628
CC/Fragrances,South America,Fragrance,Brand B,Conditioner,4331,42,-0.14488808275991424,0.280023566460271,0.06611453689938543,0.31826175054386907
CC/Fragrances,South America,Fragrance,Brand B,Perfume,8178,50,-0.09838881231095861,0.1792939416008614,0.05677708766872082,0.34118157477768807
CC/Fragrances,South America,Fragrance,Brand C,Cream,8029,46,-0.13918371589369088,0.21885410286000495,0.08051844438651619,0.2135705284147263
CC/Fragrances,South America,Fragrance,Brand C,Soap,6111,38,-0.014850756830703832,0.13264025342097355,0.05531308038962366,0.4643632265728747
CC/Fragrances,South America,Fragrance,Brand D,Conditioner,1686,50,-0.09825550987568626,0.21195765797142374,0.0856463085653516,0.4371281435775561
CC/Fragrances,South America,Fragrance,Brand D,Perfume,9459,53,-0.0526184011433186,0.2681211002125267,0.0918241926108439,0.3625680997177279
CC/Fragrances,South America,Fragrance,Brand E,Cream,5308,49,-0.04223435017594396,0.2504307650363823,0.08218490643502274,0.31145844442949866
CC/Fragrances,South America,Fragrance,Brand E,Lotion,8946,39,-0.11418077753506423,0.28157244806667214,0.0515895062833894,0.43697471379827046
CC/Fragrances,South America,Skincare,Brand A,Perfume,5698,54,-0.0869425390815823,0.18415836037277097,0.0667258102880459,0.20394927591357195
CC/Fragrances,South America,Skincare,Brand A,Cream,3653,39,-0.05028769655919853,0.1667077237610066,0.09711856453154495,0.2361671867788759
CC/Fragrances,South America,Skincare,Brand B,Soap,8266,42,-0.07750553209341303,0.2899604472739243,0.05375024243465731,0.32411522459971104
CC/Fragrances,South America,Skincare,Brand B,Conditioner,5728,59,-0.12496681797236293,0.2856450575153284,0.06733901761033438,0.47872912480451196
CC/Fragrances,South America,Skincare,Brand C,Deodorant,6419,55,-0.0849858487416101,0.23788629422328939,0.06764431503196289,0.20895959551877857
CC/Fragrances,South America,Skincare,Brand C,Lotion,2409,40,-0.13863729348162157,0.243649946897439,0.06597006120985625,0.29993942700429543
CC/Fragrances,South America,Skincare,Brand D,Perfume,7687,32,-0.05797828951291095,0.1381170507984034,0.0917452117086306,0.2212586460570498
CC/Fragrances,South America,Skincare,Brand D,Cream,6595,28,-0.07622081439077058,0.29588972437656735,0.05112538179943035,0.39370098280216187
CC/Fragrances,South America,Skincare,Brand E,Cream,4865,19,-0.10651692363340848,0.21460579440208738,0.09368673563836506,0.2922352842773236
CC/Fragrances,South America,Skincare,Brand E,Deodorant,8212,50,-0.12507630258198027,0.1325782450763445,0.08060186480233118,0.2583591077274802
CC/Fragrances,Africa,Hair,Brand A,Body Wash,6056,27,-0.044681932332741356,0.10392722514083126,0.09749711695699975,0.3845536618377211
CC/Fragrances,Africa,Hair,Brand A,Shampoo,5193,51,-0.03635052902306478,0.25933773730652626,0.06622945978668479,0.4064878390939938
CC/Fragrances,Africa,Hair,Brand B,Lotion,4134,44,-0.0960468355412884,0.28233633699893645,0.06619618145765863,0.2442564149660162
CC/Fragrances,Africa,Hair,Brand B,Conditioner,6726,20,-0.07701415727116358,0.24073404269924736,0.07861351156254817,0.48150287117754204
CC/Fragrances,Africa,Hair,Brand C,Shampoo,3351,30,-0.11246505839079866,0.17196039396238252,0.09100758674013633,0.2987811980097062
CC/Fragrances,Africa,Hair,Brand C,Body Wash,3070,45,-0.04087759863955277,0.2187158246998327,0.07042632855634308,0.3289312162569721
CC/Fragrances,Africa,Hair,Brand D,Cream,9997,10,-0.09410855794145098,0.2686399936913235,0.09421162633568508,0.31282398896983143
CC/Fragrances,Africa,Hair,Brand D,Soap,9976,13,-0.017597841891319327,0.2389088358054593,0.09341864075747916,0.21234645743793926
CC/Fragrances,Africa,Hair,Brand E,Shampoo,3300,31,-0.11940554025977533,0.14242538389489406,0.05828426776598068,0.30775215921204674
CC/Fragrances,Africa,Hair,Brand E,Deodorant,2771,37,-0.0025066825252168523,0.2974883521193119,0.06161356653465374,0.428332045385612
CC/Fragrances,Africa,Body,Brand A,Soap,6672,58,-0.08589037665770341,0.18724126023308074,0.08656158616632562,0.4688240362842424
CC/Fragrances,Africa,Body,Brand A,Cream,9563,46,-0.0069162126848641425,0.26896224518836015,0.053267877573257294,0.34597904116123246
CC/Fragrances,Africa,Body,Brand B,Deodorant,4559,18,-0.07322301420301315,0.1166743079356164,0.09068743607395247,0.24931341214873104
CC/Fragrances,Africa,Body,Brand B,Body Wash,2949,13,-0.013495992545264346,0.2564110375703974,0.053271170945747945,0.2898687661353856
CC/Fragrances,Africa,Body,Brand C,Conditioner,9492,22,-0.10407349877010802,0.29042736384428347,0.06341683263895476,0.3903722401440364
CC/Fragrances,Africa,Body,Brand C,Cream,5112,51,-0.12510439763949224,0.19641500024097702,0.09096426222066692,0.3856301892179879
CC/Fragrances,Africa,Body,Brand D,Shampoo,4352,20,-0.054061479504461885,0.13966512335529685,0.05648327692683547,0.22607717583504927
CC/Fragrances,Africa,Body,Brand D,Deodorant,1151,27,-0.03201862213734824,0.18615824543206178,0.09518801930860923,0.3407929284363864
CC/Fragrances,Africa,Body,Brand E,Conditioner,2846,12,-0.07081630200040424,0.2807576411988101,0.05916381495244125,0.49490259543877535
CC/Fragrances,Africa,Body,Brand E,Soap,7021,21,-0.09852660878535616,0.18611962615473027,0.06573247430625742,0.40364552131457104
CC/Fragrances,Africa,Fragrance,Brand A,Deodorant,7689,15,-0.11149611833914227,0.29640908074805355,0.08746202267970267,0.31417530784564585
CC/Fragrances,Africa,Fragrance,Brand A,Conditioner,2222,45,-0.027681054453743997,0.2431123611186428,0.07474820537803184,0.4464555615251589
CC/Fragrances,Africa,Fragrance,Brand B,Conditioner,9065,46,-0.0061550442081241274,0.10745111910044212,0.0854090191083551,0.3265494975108114
CC/Fragrances,Africa,Fragrance,Brand B,Body Wash,7676,13,-0.11557361201572888,0.26206159971955667,0.06102163973201707,0.2858409560170001
CC/Fragrances,Africa,Fragrance,Brand C,Conditioner,2613,11,-0.006611775048401519,0.14950838267065664,0.09578865554273895,0.44126873382564863
CC/Fragrances,Africa,Fragrance,Brand C,Soap,6823,11,-0.06737376765358478,0.1925872709196232,0.07517525652944185,0.36134993102300084
CC/Fragrances,Africa,Fragrance,Brand D,Shampoo,7348,41,-0.03990138467726895,0.20703888726381633,0.0651277564596624,0.4683302937262572
CC/Fragrances,Africa,Fragrance,Brand D,Perfume,8765,43,-0.09362585614136965,0.20959659188738644,0.07704503669945623,0.46073126918322177
CC/Fragrances,Africa,Fragrance,Brand E,Soap,6808,56,-0.14772924265711143,0.22656419264775995,0.09814477851159827,0.4635002294082681
CC/Fragrances,Africa,Fragrance,Brand E,Deodorant,4530,26,-0.11074662618400033,0.1824437604634178,0.07344837651162195,0.2824097996653312
CC/Fragrances,Africa,Skincare,Brand A,Conditioner,6804,54,-0.11138973578689607,0.10410014301811923,0.07153808579863707,0.43088045778854656
CC/Fragrances,Africa,Skincare,Brand A,Lotion,8352,39,-0.0009367089229575798,0.1842700081033415,0.07842748629472034,0.3476586343150898
CC/Fragrances,Africa,Skincare,Brand B,Cream,9723,52,-0.027331897803664407,0.27829976673680534,0.06794256425902127,0.49966919667916054
CC/Fragrances,Africa,Skincare,Brand B,Conditioner,5135,29,-0.09058818530825308,0.25458051550035943,0.07367753297075678,0.3243798119103954
CC/Fragrances,Africa,Skincare,Brand C,Body Wash,3181,19,-0.14076969878655998,0.1404904505538998,0.09100882395106175,0.4537563725838165
CC/Fragrances,Africa,Skincare,Brand C,Lotion,7959,14,-0.07166965663503465,0.2628698169096325,0.06029770379267932,0.2511139221750549
CC/Fragrances,Africa,Skincare,Brand D,Shampoo,6813,13,-0.04881868801194006,0.16085068254676,0.09124051127304572,0.2667377663363277
CC/Fragrances,Africa,Skincare,Brand D,Cream,7951,31,-0.011444313393840583,0.11134693769232534,0.0771249390942674,0.28580568510836873
CC/Fragrances,Africa,Skincare,Brand E,Cream,2422,41,-0.10819563462507656,0.21840235474690872,0.05709090486820275,0.3999713544832382
CC/Fragrances,Africa,Skincare,Brand E,Perfume,5080,43,-0.052332050356652476,0.215874474743666,0.07406392092890693,0.3806614707527546
Hair/Body,North America,Hair,Brand A,Perfume,2100,31,-0.12889483196341486,0.242159113062574,0.06490847214101633,0.2261271274884629
Hair/Body,North America,Hair,Brand A,Shampoo,8756,13,-0.00029493331991745086,0.27234190971066174,0.09158607563760703,0.3320264546403352
Hair/Body,North America,Hair,Brand B,Body Wash,1399,50,-0.11527647142104261,0.27330207625403513,0.09159722337863276,0.3012981640220349
Hair/Body,North America,Hair,Brand B,Soap,2344,20,-0.07840754272392304,0.11449019345830312,0.09762140838730797,0.3476364799427426
Hair/Body,North America,Hair,Brand C,Lotion,6837,10,-0.03700351485187345,0.19365917045899322,0.08946180300545972,0.36735571801744693
Hair/Body,North America,Hair,Brand C,Perfume,8377,20,-0.14854239594411606,0.13826144749760633,0.07425127525141689,0.35920487354005637
Hair/Body,North America,Hair,Brand D,Deodorant,5119,26,-0.021969303686226627,0.24607038177262697,0.0534802292289524,0.4919571765066662
Hair/Body,North America,Hair,Brand D,Conditioner,2578,13,-0.013352330066329576,0.1745754054747098,0.05797387696054304,0.36967545477874636
Hair/Body,North America,Hair,Brand E,Conditioner,2255,38,-0.051870725675002005,0.17831913295566704,0.06946099346464743,0.4153662311738503
Hair/Body,North America,Hair,Brand E,Cream,4213,58,-0.027825666227667453,0.11269377274461892,0.095913238919937,0.4896718980906537
Hair/Body,North America,Body,Brand A,Soap,2142,23,-0.14923726356100367,0.19028242329884598,0.07038062287751086,0.3398500203997119
Hair/Body,North America,Body,Brand A,Perfume,6719,42,-0.08400926403788368,0.2092593873866423,0.066352736347804,0.37590428196906955
Hair/Body,North America,Body,Brand B,Conditioner,9473,41,-0.0132361497801749,0.14700275823091455,0.07886403715724644,0.26008188455883635
Hair/Body,North America,Body,Brand B,Cream,2428,35,-0.023315134066918597,0.2272850687895567,0.051748496739943625,0.25368260590918007
Hair/Body,North America,Body,Brand C,Deodorant,8001,54,-0.056178225623382164,0.22191312077453207,0.06292479812798513,0.4185885621203755
Hair/Body,North America,Body,Brand C,Shampoo,9429,47,-0.057549182310653535,0.13142917060538026,0.08513227482057054,0.4765606509998518
Hair/Body,North America,Body,Brand D,Lotion,8013,57,-0.019364516871183235,0.16724804769109755,0.06824168984634607,0.32977906509533217
Hair/Body,North America,Body,Brand D,Soap,1115,48,-0.014562815684944025,0.13878888997737485,0.0718543687065828,0.20693586403608552
Hair/Body,North America,Body,Brand E,Lotion,9726,52,-0.14431706002288364,0.2748936363860207,0.07882428146284613,0.2327507390555657
Hair/Body,North America,Body,Brand E,Deodorant,1848,32,-0.1307135795866627,0.10616607430739487,0.09697128053341339,0.40130634410683796
Hair/Body,North America,Fragrance,Brand A,Lotion,7100,58,-0.08327262842254918,0.16132011837402482,0.09513055292605703,0.32517666896302316
Hair/Body,North America,Fragrance,Brand A,Soap,4456,29,-0.10033791742057441,0.286267680654019,0.09033165265259792,0.2773001545289695
Hair/Body,North America,Fragrance,Brand B,Deodorant,4800,51,-0.07553527402152965,0.18458360609949265,0.051175452283581335,0.4531698252120588
Hair/Body,North America,Fragrance,Brand B,Shampoo,5644,46,-0.09866405355609736,0.22260073563307614,0.06299393246495559,0.3887376851839512
Hair/Body,North America,Fragrance,Brand C,Shampoo,1468,18,-0.13007742140363227,0.27744007109200486,0.05768517916178431,0.3126045424767904
Hair/Body,North America,Fragrance,Brand C,Lotion,3440,50,-0.10561325037046962,0.21783012293109238,0.09885412194670151,0.35607701587735563
Hair/Body,North America,Fragrance,Brand D,Soap,8404,30,-0.13055076787861503,0.282649293469591,0.06913387474524037,0.34732049831524214
Hair/Body,North America,Fragrance,Brand D,Body Wash,3366,42,-0.1183712255515614,0.2544383766587339,0.08482065858473989,0.4383705461525645
Hair/Body,North America,Fragrance,Brand E,Body Wash,3344,38,-0.056010374567631,0.2558174734575416,0.06061923933038683,0.4356345996327722
Hair/Body,North America,Fragrance,Brand E,Deodorant,8056,55,-0.027640388442871908,0.23483060752701762,0.051416876689052975,0.298089367300602
Hair/Body,North America,Skincare,Brand A,Soap,2704,47,-0.11839336841704973,0.272423558101047,0.09998433117733241,0.29629484893735114
Hair/Body,North America,Skincare,Brand A,Body Wash,9695,30,-0.04681983639032608,0.2740737430318248,0.09860288289283678,0.32060901611332604
Hair/Body,North America,Skincare,Brand B,Deodorant,7239,50,-0.019693004719930157,0.27228798790538755,0.05983006872557045,0.31457737168412386
Hair/Body,North America,Skincare,Brand B,Soap,8794,13,-0.08630576968027358,0.15099744531339845,0.08261373594649637,0.28502958740532286
Hair/Body,North America,Skincare,Brand C,Conditioner,1915,41,-0.11423519153225711,0.21192363072421405,0.09715648887369469,0.27280495890820894
Hair/Body,North America,Skincare,Brand C,Lotion,9589,21,-0.09799909826611689,0.10488331527414846,0.08323529027971947,0.435308043986403
Hair/Body,North America,Skincare,Brand D,Perfume,6187,50,-0.057996551676426686,0.2961077087212075,0.07608703678851841,0.2850852520399494
Hair/Body,North America,Skincare,Brand D,Cream,3109,56,-0.018439767953981584,0.2275136705184494,0.07710808809091348,0.3425228395221177
Hair/Body,North America,Skincare,Brand E,Perfume,9044,59,-0.12975262085018124,0.12080313190295465,0.06003162154693087,0.22193259694712897
Hair/Body,North America,Skincare,Brand E,Body Wash,5593,52,-0.11591245555263512,0.11072059406274687,0.09779262284212067,0.3832675777199718
Hair/Body,Europe,Hair,Brand A,Body Wash,8575,43,-0.016655056926691753,0.27430828213766045,0.05208099796898926,0.20049126509919318
Hair/Body,Europe,Hair,Brand A,Deodorant,3599,26,-0.1065810881914716,0.23517526428947177,0.06051591566506658,0.21309326411974833
Hair/Body,Europe,Hair,Brand B,Lotion,4299,43,-0.14064169448284322,0.18258076963331316,0.06766001536502197,0.22347995489120612
Hair/Body,Europe,Hair,Brand B,Cream,1101,53,-0.004200233206814258,0.2689663600482364,0.05190733866590188,0.40134171436256594
Hair/Body,Europe,Hair,Brand C,Lotion,2381,39,-0.05581033105329404,0.10829285647612041,0.05718994288697066,0.33465205370818174
Hair/Body,Europe,Hair,Brand C,Conditioner,5896,15,-0.061764463745758016,0.21961374023378005,0.09684183570262256,0.3277408048608652
Hair/Body,Europe,Hair,Brand D,Conditioner,5369,53,-0.019201389938199365,0.2879959512679633,0.0657633589967001,0.46741288443802054
Hair/Body,Europe,Hair,Brand D,Cream,3692,25,-0.12885032893530254,0.2411147092391395,0.06961652513124092,0.2249897828805321
Hair/Body,Europe,Hair,Brand E,Shampoo,2896,59,-0.1443653777996325,0.15665740934897915,0.06271008335001448,0.2137011417379927
Hair/Body,Europe,Hair,Brand E,Body Wash,2380,13,-0.08286605397311517,0.13150034649758882,0.09965745537983281,0.4093740556524764
Hair/Body,Europe,Body,Brand A,Shampoo,5575,45,-0.09471844746851676,0.27942495116589733,0.06086139105246728,0.48820830866701903
Hair/Body,Europe,Body,Brand A,Cream,5104,10,-0.01918338417303342,0.21127161130544803,0.06147775987200008,0.26911399815445125
Hair/Body,Europe,Body,Brand B,Cream,1082,16,-0.10443780665347263,0.24156391175399775,0.05972569054036226,0.23241111410441762
Hair/Body,Europe,Body,Brand B,Deodorant,5539,19,-0.1018835473593829,0.22927817668426168,0.09691324530649298,0.40159919367503494
Hair/Body,Europe,Body,Brand C,Conditioner,6727,10,-0.11288919238738751,0.2539958739283136,0.06885570249174106,0.41998001968847787
Hair/Body,Europe,Body,Brand C,Perfume,9766,27,-0.14251713323441634,0.10288667904771759,0.05330962512463158,0.4028959760206402
Hair/Body,Europe,Body,Brand D,Conditioner,7224,13,-0.003484358954871425,0.20368535864901388,0.07055298167556423,0.38549046102536105
Hair/Body,Europe,Body,Brand D,Cream,2693,27,-0.06754334901357435,0.17521019409614433,0.08478429527787101,0.33842325165611375
Hair/Body,Europe,Body,Brand E,Shampoo,9163,49,-0.04054310129231903,0.21584789185711323,0.08630476014823904,0.35802577544200576
Hair/Body,Europe,Body,Brand E,Body Wash,4602,37,-0.10074021497593083,0.17193150707491364,0.06489854651639418,0.4676334225487645
Hair/Body,Europe,Fragrance,Brand A,Shampoo,2569,56,-0.019541431978856577,0.22008172474556958,0.057157361697757106,0.21824603938846432
Hair/Body,Europe,Fragrance,Brand A,Lotion,6865,17,-0.07883892899673037,0.14428994365835074,0.08518650425847935,0.4259340978443223
Hair/Body,Europe,Fragrance,Brand B,Soap,3609,27,-0.0443513506491226,0.23915421721294405,0.09473791735655032,0.291781817739756
Hair/Body,Europe,Fragrance,Brand B,Lotion,4180,50,-0.05220597008071681,0.19795034498446218,0.05246775312473081,0.24521813626319397
Hair/Body,Europe,Fragrance,Brand C,Soap,2186,52,-0.0817918532898312,0.19778040956338122,0.0612953413000495,0.23201904349582594
Hair/Body,Europe,Fragrance,Brand C,Lotion,4387,34,-0.057633848281955766,0.2602477335368486,0.07839072766900473,0.454404843516016
Hair/Body,Europe,Fragrance,Brand D,Deodorant,5572,28,-0.035767697432308315,0.14062905475814613,0.05256150594530141,0.32686295639414065
Hair/Body,Europe,Fragrance,Brand D,Shampoo,3016,21,-0.10099546653455363,0.2995670818369337,0.09678322373356896,0.2811266960170801
Hair/Body,Europe,Fragrance,Brand E,Perfume,3284,50,-0.003420139834900582,0.28664464123167055,0.07461678995240922,0.3655436761287961
Hair/Body,Europe,Fragrance,Brand E,Deodorant,9391,22,-0.14633941459498734,0.1973861854304229,0.06484224675366723,0.3115427132918257
Hair/Body,Europe,Skincare,Brand A,Shampoo,6617,12,-0.05935185640239177,0.13116596482529735,0.08394527701174023,0.33078026821601725
Hair/Body,Europe,Skincare,Brand A,Lotion,2026,31,-0.039124680179897633,0.2453821845223613,0.05813053411269299,0.39933091009039534
Hair/Body,Europe,Skincare,Brand B,Conditioner,8923,39,-0.10690428618866493,0.13079942317454954,0.07666428733358449,0.4184856244445446
Hair/Body,Europe,Skincare,Brand B,Deodorant,1548,22,-0.06481632345355756,0.2975171381307418,0.09819580903810947,0.2811570487392829
Hair/Body,Europe,Skincare,Brand C,Body Wash,2336,30,-0.007014503504624098,0.29934041151657387,0.09322617691872698,0.48356888762170686
Hair/Body,Europe,Skincare,Brand C,Cream,4099,42,-0.12269492699085957,0.2766191221715584,0.06626735380339974,0.282241052070973
Hair/Body,Europe,Skincare,Brand D,Shampoo,1991,42,-0.03618717580257137,0.21086986666486324,0.0790694747267186,0.3941293198214899
Hair/Body,Europe,Skincare,Brand D,Cream,3174,54,-0.026285507046081624,0.17971416880948504,0.09613835628879598,0.24973617159190725
Hair/Body,Europe,Skincare,Brand E,Conditioner,2285,33,-0.07959239377042875,0.10866176828001249,0.061036915395751234,0.437197413308902
Hair/Body,Europe,Skincare,Brand E,Soap,1324,16,-0.03823647373455745,0.12607244645522883,0.05867054087088202,0.25767989163391514
Hair/Body,Asia,Hair,Brand A,Shampoo,9214,22,-0.03750309764594573,0.10589566650362403,0.05186083133661937,0.3851556099627713
Hair/Body,Asia,Hair,Brand A,Perfume,9483,47,-0.09104785958117698,0.1415440957430621,0.059988393580543725,0.39292452215546025
Hair/Body,Asia,Hair,Brand B,Soap,9740,16,-0.13227256157828682,0.19560349348185663,0.09549312275620096,0.4078355387406425
Hair/Body,Asia,Hair,Brand B,Perfume,5101,22,-0.09209815059471468,0.21495996991501717,0.061534496416206376,0.23349929684671325
Hair/Body,Asia,Hair,Brand C,Cream,5309,21,-0.1447487868143345,0.234908595269896,0.09342249543845504,0.4372044375603008
Hair/Body,Asia,Hair,Brand C,Body Wash,4242,14,-0.018525580026456906,0.2308505919426345,0.09306042466727706,0.4557515339297903
Hair/Body,Asia,Hair,Brand D,Cream,7820,51,-0.028504715251761834,0.2105218748017133,0.06521331413874709,0.4316138281230145
Hair/Body,Asia,Hair,Brand D,Conditioner,8362,45,-0.015177158440107114,0.17877789638782038,0.052872812044054585,0.40553325489264286
Hair/Body,Asia,Hair,Brand E,Cream,4893,26,-0.14790847191290546,0.1791815755359375,0.08678422292234053,0.22613448671543374
Hair/Body,Asia,Hair,Brand E,Soap,1091,33,-0.017691530810129225,0.28697864919151106,0.09459917212510233,0.36972023267767706
Hair/Body,Asia,Body,Brand A,Body Wash,9024,38,-0.13630786722794888,0.20821879551501465,0.05680516535865097,0.3910164235028838
Hair/Body,Asia,Body,Brand A,Perfume,6902,54,-0.1050333555529284,0.11765041269350113,0.060185234175885026,0.28093962911034537
Hair/Body,Asia,Body,Brand B,Body Wash,1696,29,-0.0006532246525254026,0.2594640568509221,0.06023768653945976,0.2617647019320884
Hair/Body,Asia,Body,Brand B,Perfume,8093,36,-0.13911843264263446,0.2789944802621743,0.08488626135756794,0.30477463796901955
Hair/Body,Asia,Body,Brand C,Cream,8932,59,-0.043593748705017046,0.11512119120709192,0.073045247292153,0.4828110898575492
Hair/Body,Asia,Body,Brand C,Shampoo,8015,22,-0.0504411716845625,0.12954050211586243,0.06737139879387544,0.396264885485668
Hair/Body,Asia,Body,Brand D,Perfume,3194,27,-0.1314469604646658,0.2914840739531829,0.0726383743861351,0.47567720256631113
Hair/Body,Asia,Body,Brand D,Conditioner,1728,56,-0.02917900101539586,0.2642746704117244,0.08148484824329744,0.26641749535852166
Hair/Body,Asia,Body,Brand E,Deodorant,1568,33,-0.12120913234815421,0.2105860856365126,0.08401909432317103,0.359016683103228
Hair/Body,Asia,Body,Brand E,Perfume,9045,13,-0.1103765745801484,0.15275648780276646,0.05520326197380247,0.2849048530284157
