Portfolio,Geography,Category,Brand,Segment,Sales,Margin,Min_Trend,Max_Trend,Min_Contribution,Max_Contribution,Potential_Max_Sales,Potential_Max_Margin
Hair/Body,North America,Hair,Brand A,Body Wash,6625,38,-0.0436263460551991,0.1186700011424322,0.0966862692885068,0.4241206372283655,7411.188757568613,1194.4304774222855
Hair/Body,North America,Hair,Brand A,Conditioner,3418,35,-0.0708638769009525,0.155797585679627,0.097887593557291,0.4557789226774636,3950.516147852965,630.1966978609217
Hair/Body,North America,Hair,Brand B,Soap,6639,58,-0.0927018635950296,0.2248287334592788,0.0656053152621078,0.4768813790918495,8131.637961436152,2249.1395006886787
Hair/Body,North America,Hair,Brand B,Lotion,6459,34,-0.1146216648386864,0.1458713021385411,0.083255644660395,0.3742699578273651,7401.182740512837,941.8137197358831
Hair/Body,North America,Hair,Brand C,Cream,6908,49,-0.0734818329891831,0.2379640110058601,0.0534787185282684,0.342759197041492,8551.855388028482,1436.3012721476434
Hair/Body,North America,Hair,Brand C,Body Wash,5324,27,-0.0304821028165492,0.245926167783368,0.0793401917596433,0.4880443334551179,6633.310917278651,874.0844474104302
Hair/Body,North America,Hair,Brand D,Lotion,1542,18,-0.0471226425359326,0.2278767140615137,0.0899782300014505,0.309423362777819,1893.3858930828542,105.45440941328054
Hair/Body,North America,Hair,Brand D,Shampoo,2879,58,-0.0243669287308766,0.2697898321962897,0.0580455382619423,0.4077282945416801,3655.724926893118,864.5146440582707
Hair/Body,North America,Hair,Brand E,Shampoo,7091,48,-0.0419108711741064,0.1999896950583135,0.0717915714750966,0.3761425076543284,8509.1269276585,1536.309283448851
Hair/Body,North America,Hair,Brand E,Body Wash,1262,50,-0.0456068081138829,0.2364698577242403,0.0621219984718908,0.3261754467499665,1560.4249604479912,254.4861542969612
Hair/Body,North America,Body,Brand A,Lotion,7353,54,-0.1381306632323349,0.2866826984900779,0.0567966383349783,0.4086171396189408,9460.977881997542,2087.595568875546
Hair/Body,North America,Body,Brand A,Conditioner,8659,20,-0.1148145959277691,0.26064946535831,0.0637603315551878,0.2678746655308731,10915.963720537606,584.8220261172313
Hair/Body,North America,Body,Brand B,Soap,7281,16,-0.0784035719953437,0.208873119309371,0.0744679056944025,0.3069398275478771,8801.80518169153,432.2599303325455
Hair/Body,North America,Body,Brand B,Cream,6456,23,-0.095394898269369,0.2154201236009497,0.0509910566047318,0.3078951157236305,7846.752317967731,555.6746439889283
Hair/Body,North America,Body,Brand C,Soap,3556,44,-0.0848679019376262,0.2275615898677026,0.0934395801400899,0.4928764098875101,4365.209013569551,946.6637606873742
Hair/Body,North America,Body,Brand C,Shampoo,1521,28,-0.1218354114503617,0.1118105623198077,0.0977121584239078,0.4996673218684623,1691.0638652884277,236.59141874961566
Hair/Body,North America,Body,Brand D,Soap,5215,55,-0.0553452920848301,0.2703972275548674,0.099421005318344,0.2132300315283398,6625.121541698633,776.9711813685155
Hair/Body,North America,Body,Brand D,Perfume,6665,33,-0.119220846479854,0.2847385197020728,0.0921915362419528,0.353543287749145,8562.782233814316,999.0136804634849
Hair/Body,North America,Body,Brand E,Conditioner,5266,39,-0.0432586388789238,0.1988830014534762,0.0742280366146045,0.3475744933581683,6313.317885654005,855.7958235509489
Hair/Body,North America,Body,Brand E,Lotion,9746,14,-0.0889517415899021,0.1278291301767134,0.0672346070597338,0.3516963201911721,10991.82270270225,541.2097035427831
Hair/Body,North America,Fragrance,Brand A,Body Wash,5169,51,-0.130931659816835,0.1048073249197587,0.0512205693785561,0.3136924524000625,5710.749062510233,913.6236280146983
Hair/Body,North America,Fragrance,Brand A,Deodorant,4254,43,-0.0869193898888474,0.2764922640852378,0.0651795179842021,0.2767463558502404,5430.1980914186015,646.1986393383622
Hair/Body,North America,Fragrance,Brand B,Conditioner,2743,57,-0.0152145461701833,0.1864957069790219,0.0874815137928534,0.3527688800149161,3254.557724243457,654.4208094953972
Hair/Body,North America,Fragrance,Brand B,Perfume,5840,39,-0.0397271348118582,0.1573006371478895,0.0860743663336396,0.4473452116246102,6758.635720943675,1179.1428974828873
Hair/Body,North America,Fragrance,Brand C,Perfume,1376,26,-0.127948952908695,0.2238347478995492,0.0949837638936294,0.3731846417349688,1683.99661310978,163.39483491403126
Hair/Body,North America,Fragrance,Brand C,Lotion,2277,39,-0.068805942503526,0.2916945081486183,0.0744306381232003,0.2901859430962666,2941.1883950544043,332.8616960146363
Hair/Body,North America,Fragrance,Brand D,Lotion,5435,14,-0.0362949411631275,0.1918366823575002,0.0976231923628498,0.350610331848418,6477.632368613014,317.9574768092048
Hair/Body,North America,Fragrance,Brand D,Perfume,4515,18,-0.0652956756345281,0.1225888458816376,0.0857162343453759,0.444526178887367,5068.488639155594,405.55365974961603
Hair/Body,North America,Fragrance,Brand E,Deodorant,9761,25,-0.0636436714849422,0.1965325739760238,0.0648540904753887,0.2331608825683949,11679.354454579969,680.792148114745
Hair/Body,North America,Fragrance,Brand E,Perfume,1620,41,-0.0230758143166272,0.1886080312472958,0.0644659939871912,0.317439182973609,1925.5450106206192,250.60980832963062
Hair/Body,North America,Skincare,Brand A,Cream,7209,16,-0.0920055954733353,0.257083505113733,0.0710536904674131,0.4587109049138097,9062.314988364902,665.1172334282952
Hair/Body,North America,Skincare,Brand A,Lotion,2975,55,-0.1441374070512439,0.2611890377831474,0.0615182250076952,0.4007364591219565,3752.0373874048637,826.967997417002
Hair/Body,North America,Skincare,Brand B,Perfume,3270,18,-0.0768071243911844,0.2233885473075332,0.0505470278355196,0.4883530124021279,4000.4805496956337,351.656410949997
Hair/Body,North America,Skincare,Brand B,Soap,4717,40,-0.1138153267980569,0.1494381241070379,0.0960417028040022,0.2136284703475512,5421.899631412898,463.3088498546756
Hair/Body,North America,Skincare,Brand C,Soap,2968,12,-0.1485916972889031,0.1755711128786413,0.0530411574327995,0.443503157410792,3489.095063023807,185.69096123489578
Hair/Body,North America,Skincare,Brand C,Deodorant,5827,24,-0.0993281569758063,0.1102975045145294,0.0835555672551832,0.4404642487713002,6469.703558806163,683.9215482726153
Hair/Body,North America,Skincare,Brand D,Perfume,8520,12,-0.060921460886383,0.1300602655496885,0.0734076090007028,0.2016873500371862,9628.113462483347,233.02424281267483
Hair/Body,North America,Skincare,Brand D,Cream,5302,30,-0.1434409728921459,0.1287012456321652,0.0991354531793661,0.4011330035195569,5984.37400434174,720.158975563788
Hair/Body,North America,Skincare,Brand E,Perfume,2911,46,-0.0526577872318975,0.2854976545383589,0.0975862116259302,0.3239648606311477,3742.083672361163,557.6596630778257
Hair/Body,North America,Skincare,Brand E,Body Wash,9534,59,-0.0845183719308401,0.1982800906427745,0.0585624203494549,0.445820456076141,11424.402384188212,3005.007045976523
Hair/Body,Europe,Hair,Brand A,Perfume,3121,29,-0.0784758881208856,0.1118076931195075,0.0864962986222798,0.3855058609154613,3469.951810225983,387.92916038153595
Hair/Body,Europe,Hair,Brand A,Body Wash,2795,18,-0.071110170650648,0.2387621304910285,0.0502006125502705,0.2955979859453437,3462.340154722425,184.22293975085492
Hair/Body,Europe,Hair,Brand B,Lotion,7653,38,-0.1294479464026067,0.2386477926508144,0.0770527354629784,0.2670964305193724,9479.371557156683,962.1243964636976
Hair/Body,Europe,Hair,Brand B,Cream,7128,21,-0.0537651795686804,0.2893678689643101,0.0538670396062958,0.4281063891929423,9190.614169977604,826.2577358226664
Hair/Body,Europe,Hair,Brand C,Conditioner,7000,13,-0.1120852752256219,0.263195641746747,0.0786308638933716,0.231802490783947,8842.369492227228,266.4588254549333
Hair/Body,Europe,Hair,Brand C,Cream,3939,14,-0.0300769879145074,0.2545890165117445,0.0610612824052041,0.2146347517653874,4941.826136039762,148.49626763672373
Hair/Body,Europe,Hair,Brand D,Lotion,4811,24,-0.0884655920778909,0.2280581001858926,0.0571341888949975,0.4729324485474354,5908.187519994329,670.6016616739962
Hair/Body,Europe,Hair,Brand D,Deodorant,8035,28,-0.0390920755964791,0.1165890737422235,0.0775487304854063,0.3205259474798472,8971.793207518765,805.1939051612989
Hair/Body,Europe,Hair,Brand E,Shampoo,4807,38,-0.103400233829405,0.2428646334292008,0.0519932155426981,0.4313017006004974,5974.450292894168,979.1804171617899
Hair/Body,Europe,Hair,Brand E,Body Wash,2708,56,-0.1086563370510806,0.1788166999751023,0.0949273425021638,0.4626088820883902,3192.235623532577,826.9836697724788
Hair/Body,Europe,Body,Brand A,Cream,8786,15,-0.1298322436236835,0.1071331899557008,0.0527844388674556,0.2679347790465252,9727.272206950787,390.9411794242147
Hair/Body,Europe,Body,Brand A,Body Wash,1282,57,-0.0453016114162966,0.2663118388035397,0.0540285298751207,0.4633888605502306,1623.4117773461378,428.7944322137033
Hair/Body,Europe,Body,Brand B,Soap,2489,40,-0.081535239242146,0.2173495289468406,0.0769137120674973,0.2882413536170774,3029.982977548686,349.34655795413437
Hair/Body,Europe,Body,Brand B,Perfume,8311,45,-0.1249845912502139,0.2179008930561183,0.0907858760033262,0.3699472831309444,10121.9743221894,1685.0686051868179
Hair/Body,Europe,Body,Brand C,Shampoo,6670,56,-0.1028625187259147,0.2336799071756826,0.0790355981218233,0.3357747969256598,8228.644980861802,1547.2640945564442
Hair/Body,Europe,Body,Brand C,Soap,6389,10,-0.0510905622726677,0.2442050702418709,0.0895177824124988,0.2845513889378796,7949.226193775314,226.19633544201398
Hair/Body,Europe,Body,Brand D,Cream,7872,49,-0.1419287832597817,0.1053663721971916,0.0612387563108039,0.3670754241683727,8701.444081936292,1565.102275854529
Hair/Body,Europe,Body,Brand D,Conditioner,2467,43,-0.1499062778577044,0.2879566464785403,0.0590813070074531,0.4133150033528731,3177.389046862559,564.7029027596737
Hair/Body,Europe,Body,Brand E,Cream,6040,51,-0.1093715296522876,0.1356320956682646,0.0827569751366918,0.4959964985514981,6859.217857836318,1735.0955005472476
Hair/Body,Europe,Body,Brand E,Shampoo,6197,32,-0.0287947898442281,0.294389953880549,0.0673261907208473,0.2038125636213982,8021.334544197763,523.1516022777042
Hair/Body,Europe,Fragrance,Brand A,Shampoo,5643,38,-0.0327275507880905,0.1125273096202059,0.0739513650910222,0.3478307539324645,6277.991608186822,829.7978506177768
Hair/Body,Europe,Fragrance,Brand A,Cream,4423,48,-0.0534394957333582,0.2537689681072237,0.0648628109691038,0.216974783350325,5545.42014593825,577.5438406807101
Hair/Body,Europe,Fragrance,Brand B,Cream,3422,50,-0.0599442176474536,0.1560585614471964,0.0769019513550533,0.4796827258056084,3956.032397272306,948.8202018494376
Hair/Body,Europe,Fragrance,Brand B,Body Wash,5644,10,-0.0057148732621521,0.2040643785030189,0.0935761566758897,0.2912477866041341,6795.739352271039,197.9244044687552
Hair/Body,Europe,Fragrance,Brand C,Soap,4003,19,-0.0293368131214183,0.2871912814110026,0.0648730246434793,0.3624165128367902,5152.626699488243,354.80543007187106
Hair/Body,Europe,Fragrance,Brand C,Cream,4651,45,-0.0241764171576912,0.2285101193018403,0.0852498161899188,0.2547917358114045,5713.8005648728595,655.1231238018629
Hair/Body,Europe,Fragrance,Brand D,Lotion,6897,29,-0.0380517199736796,0.189906916721076,0.0554579568117951,0.252572463749559,8206.788004625261,601.1145130815735
Hair/Body,Europe,Fragrance,Brand D,Perfume,6199,53,-0.1109375697499255,0.2821951683514989,0.0599314963318061,0.3159677208191893,7948.327848610942,1331.0499683641235
Hair/Body,Europe,Fragrance,Brand E,Lotion,3284,13,-0.0106197325706092,0.1453547434223554,0.0676372147156902,0.2174694903278012,3761.344977399015,106.33711077365983
Hair/Body,Europe,Fragrance,Brand E,Perfume,6936,26,-0.0045082854105848,0.1748066786839492,0.0796857627028402,0.4908399624922732,8148.459123351872,1039.8932363237222
Hair/Body,Europe,Skincare,Brand A,Soap,5748,58,-0.1428412130497986,0.1227527589384854,0.0549106387786302,0.3013731527070792,6453.582858378414,1128.0632351258025
Hair/Body,Europe,Skincare,Brand A,Lotion,6244,43,-0.0598847542938957,0.2869525969784181,0.0582170664328246,0.4951784963814191,8035.732015533243,1711.022329613586
Hair/Body,Europe,Skincare,Brand B,Deodorant,3830,21,-0.1115173051565995,0.255475385403804,0.0661929126550999,0.2483932324059893,4808.47072609657,250.82223318278727
Hair/Body,Europe,Skincare,Brand B,Shampoo,8417,26,-0.1243114032782381,0.1918896870802485,0.0902408899042949,0.4123451624976195,10032.135496154451,1075.5426607535856
Hair/Body,Europe,Skincare,Brand C,Lotion,5194,59,-0.02648750070409,0.1291287044509449,0.0979852378688574,0.3840301794733283,5864.6944909182075,1328.8096099630998
Hair/Body,Europe,Skincare,Brand C,Shampoo,4607,38,-0.1493752195891744,0.1033972986819927,0.0612577262433538,0.4619909604235447,5083.35135502794,892.4157023782805
Hair/Body,Europe,Skincare,Brand D,Cream,2302,23,-0.0142697619376567,0.184068268562532,0.0535604756384623,0.3374740311338948,2725.725154230949,211.56813477911638
Hair/Body,Europe,Skincare,Brand D,Shampoo,3360,38,-0.0285075095410349,0.2925033016987866,0.0539988228037324,0.2554390100817455,4342.811093707923,421.54287936453426
Hair/Body,Europe,Skincare,Brand E,Shampoo,6179,31,-0.1376640397499641,0.2211477878998169,0.0880736706732101,0.3293520797936172,7545.472181432969,770.3862563537473
Hair/Body,Europe,Skincare,Brand E,Deodorant,2523,49,-0.0496492528663747,0.1126964975326607,0.0575213648793167,0.2731759504354195,2807.333263274903,375.77900686820374
Hair/Body,Asia,Hair,Brand A,Shampoo,2254,31,-0.0666064603885511,0.264735996896173,0.0547749463993539,0.3684305172370001,2850.7149370039742,325.5900174080411
Hair/Body,Asia,Hair,Brand A,Cream,9165,59,-0.0710665816461483,0.1811280599818523,0.051182817357014,0.2461049154221507,10825.038669733676,1571.816183491227
Hair/Body,Asia,Hair,Brand B,Shampoo,3517,42,-0.0728002400898763,0.1118364619278637,0.0817374618060912,0.2774879145664419,3910.328836600297,455.7289775376397
Hair/Body,Asia,Hair,Brand B,Soap,2320,47,-0.0867666729997005,0.256202106362693,0.0784171485400691,0.2530089376243295,2914.388886761448,346.5622249499231
Hair/Body,Asia,Hair,Brand C,Lotion,8638,44,-0.0027147890542461,0.2475781683779824,0.0824615717521314,0.218829149182879,10776.580218449013,1037.6211473338662
Hair/Body,Asia,Hair,Brand C,Shampoo,3535,16,-0.0787226198456051,0.249061639190479,0.0872084658417092,0.2805220346857374,4415.432894538343,198.18019513507696
Hair/Body,Asia,Hair,Brand D,Soap,8084,46,-0.075377001524766,0.2432152675856515,0.057266249743978,0.4508855811542105,10050.152223162408,2084.4756138812772
Hair/Body,Asia,Hair,Brand D,Conditioner,3862,41,-0.1204722653875437,0.1129733406844358,0.0848527304681403,0.4404141228622805,4298.303041723291,776.1436792059026
Hair/Body,Asia,Hair,Brand E,Shampoo,4273,44,-0.1402805711571499,0.1899316959670346,0.0606608771486449,0.4507841677701157,5084.578136867139,1008.5008225115025
Hair/Body,Asia,Hair,Brand E,Cream,3252,25,-0.1163484104615245,0.2402515589782203,0.0602197359923759,0.3462507241972361,4033.2980697971725,349.1330943926464
Hair/Body,Asia,Body,Brand A,Body Wash,6097,58,-0.0955292787342238,0.111421201947449,0.077653201881711,0.4540113118188616,6776.335068273596,1784.389008729209
Hair/Body,Asia,Body,Brand A,Deodorant,6648,56,-0.0537901509210217,0.1274850769083234,0.0677407670207588,0.4959432070675955,7495.5207912865335,2081.7174671285916
Hair/Body,Asia,Body,Brand B,Perfume,4828,43,-0.0233114739011556,0.1805371215305801,0.0876717730782157,0.2974668035021824,5699.6332227496405,729.0442206396565
Hair/Body,Asia,Body,Brand B,Lotion,6206,15,-0.1400442164002425,0.1693477862377048,0.0985386405506513,0.3044342945009218,7256.9723613911965,331.3906891579226
Hair/Body,Asia,Body,Brand C,Deodorant,8830,30,-0.0625323908408269,0.1065312910709666,0.0569259656887573,0.3339818386131693,9770.671300156635,978.9680295933716
Hair/Body,Asia,Body,Brand C,Body Wash,7948,51,-0.0928841144447081,0.1921042761800296,0.0740097762200603,0.3437468957599627,9474.844787078875,1661.0437265165724
Hair/Body,Asia,Body,Brand D,Lotion,3592,23,-0.0186694187548917,0.1525233517803422,0.0682786709289808,0.2052357740622491,4139.863879594989,195.41907860343537
Hair/Body,Asia,Body,Brand D,Deodorant,4341,23,-0.0495077282523762,0.1277849397922852,0.0764091492247265,0.3528334354840138,4895.71442363831,397.295500025417
Hair/Body,Asia,Body,Brand E,Shampoo,5421,49,-0.027908813722346,0.2989095832402725,0.0737140445712894,0.4789524858902615,7041.388850745518,1652.5204401504232
Hair/Body,Asia,Body,Brand E,Deodorant,1801,58,-0.0212269232546967,0.1170951683876061,0.0794136756450816,0.4336073641889815,2011.8883982660784,505.9743827404367
Hair/Body,Asia,Fragrance,Brand A,Shampoo,6586,13,-0.1312785333436034,0.2870221397838478,0.0527152263142557,0.2307323553343744,8476.32781261642,254.2492005028628
Hair/Body,Asia,Fragrance,Brand A,Lotion,3108,12,-0.0295700760430814,0.1397055292909916,0.0638836731913948,0.3540235800853322,3542.204785036402,150.4828823272778
Hair/Body,Asia,Fragrance,Brand B,Cream,1378,55,-0.0865477881701059,0.2695224142849684,0.0759724888917446,0.2941475572468928,1749.4018868846865,283.0202604186296
Hair/Body,Asia,Fragrance,Brand B,Lotion,8850,19,-0.0185621253110127,0.1054974614392359,0.0681510257318339,0.4713379169229631,9783.652533737237,876.1672169784581
Hair/Body,Asia,Fragrance,Brand C,Body Wash,9937,10,-0.0715224237773305,0.1038450083716588,0.0609057319951752,0.440105526878806,10968.907848189174,482.74769678123664
Hair/Body,Asia,Fragrance,Brand C,Perfume,8423,47,-0.1480107741342428,0.1476653362946383,0.0769169006614938,0.3304009742833128,9666.785127609739,1501.1401554443569
Hair/Body,Asia,Fragrance,Brand D,Deodorant,7393,53,-0.018262456206863,0.1348042221662616,0.0733833430801984,0.364916142756291,8389.607614475171,1622.5967224539365
Hair/Body,Asia,Fragrance,Brand D,Conditioner,6470,14,-0.0016923372372813,0.2635206741708071,0.0683241419255348,0.314091553000967,8174.978761885122,359.47684850985894
Hair/Body,Asia,Fragrance,Brand E,Cream,4572,19,-0.0787507489745951,0.2289892259828503,0.091187901054956,0.2607617294394558,5618.938741193591,278.3887949159199
Hair/Body,Asia,Fragrance,Brand E,Conditioner,6405,49,-0.0704094116706066,0.1490738250518442,0.0942177106928748,0.3798490658889503,7359.817849457062,1369.8537682622532
Hair/Body,Asia,Skincare,Brand A,Body Wash,6145,56,-0.067526011680264,0.1405649980443779,0.0553619285108671,0.4096903859700905,7008.771912982703,1607.9988233154793
Hair/Body,Asia,Skincare,Brand A,Cream,4741,27,-0.141981920875403,0.2913487593118919,0.0963626158204358,0.2881976384682121,6122.28446789768,476.395539933256
Hair/Body,Asia,Skincare,Brand B,Body Wash,4610,24,-0.1030641746635833,0.2433865156937285,0.0784308997248734,0.214175820631731,5732.011837348088,294.6380013923575
Hair/Body,Asia,Skincare,Brand B,Soap,5629,56,-0.0319649486299477,0.1584089427077527,0.0527861819153394,0.3810167595555786,6520.683938501939,1391.3143240271056
Hair/Body,Asia,Skincare,Brand C,Perfume,9750,23,-0.0012905133635052,0.1466711731366554,0.0782885722192437,0.330029645961853,11180.04393808239,848.6415668263572
Hair/Body,Asia,Skincare,Brand C,Soap,9721,21,-0.1372872582075132,0.2506097282431816,0.0510612096780182,0.2798446460090191,12157.177168251968,714.4453976348642
Hair/Body,Asia,Skincare,Brand D,Cream,5139,12,-0.1227983296006864,0.1015008354977432,0.0808500195876498,0.2802408107906642,5660.612793622902,190.36016626282665
Hair/Body,Asia,Skincare,Brand D,Perfume,5454,33,-0.1019431100973405,0.1844760564695626,0.0988643662641591,0.3852135932206659,6460.132411984995,821.2151703036691
Hair/Body,Asia,Skincare,Brand E,Body Wash,9071,32,-0.147443204020355,0.1772377454786972,0.0921618789869958,0.2698456532296603,10678.723589237263,922.1142856309478
Hair/Body,Asia,Skincare,Brand E,Shampoo,1861,28,-0.0935706883986204,0.270347685437574,0.0814881256768534,0.3057675123805675,2364.117042599325,202.40365238578795
Hair/Body,South America,Hair,Brand A,Soap,3621,12,-0.0217283009578907,0.2969933737817837,0.0906708011298622,0.4375253976390394,4696.413006463839,246.5759961756297
Hair/Body,South America,Hair,Brand A,Conditioner,5167,59,-0.0616286032293221,0.2597157313640381,0.0898437637084983,0.2603331717106848,6508.951183957985,999.7525846755817
Hair/Body,South America,Hair,Brand B,Perfume,7059,22,-0.0434735554354071,0.2212784624901177,0.077550757373986,0.3882714258919365,8621.004666717741,736.4037504048579
Hair/Body,South America,Hair,Brand B,Shampoo,8077,26,-0.086106381998135,0.1545626339266466,0.0831542363433107,0.3484803065213144,9325.402394225524,844.9269620413205
Hair/Body,South America,Hair,Brand C,Shampoo,8476,36,-0.0419211183586466,0.11256620586974,0.0740920491834671,0.2366925909527204,9430.111160951918,803.5334797168352
Hair/Body,South America,Hair,Brand C,Cream,4457,51,-0.1218033340635112,0.2717341427009005,0.0602385882532342,0.3941784708539138,5668.119074017914,1139.4677596992844
Hair/Body,South America,Hair,Brand D,Soap,4443,42,-0.1134155071534653,0.2291689457087295,0.0941590788011241,0.2532331031205993,5461.197625783886,580.8415290434832
Hair/Body,South America,Hair,Brand D,Cream,5026,21,-0.0063940755935153,0.140107076819889,0.0634737508781172,0.4332625160345936,5730.178168096762,521.3609961915813
Hair/Body,South America,Hair,Brand E,Cream,5765,52,-0.0063801757678202,0.1653948863816652,0.0977231271958163,0.2607987183485313,6718.5015199903,911.1318245307875
Hair/Body,South America,Hair,Brand E,Conditioner,3744,10,-0.1344078371344952,0.1693249631563959,0.0721388680330609,0.2352175684562059,4377.952662057547,102.977137998555
Hair/Body,South America,Body,Brand A,Body Wash,2927,42,-0.000337899024846,0.1297891902524303,0.0803430709106297,0.2546053597232863,3306.8929598688637,353.6201220778023
Hair/Body,South America,Body,Brand A,Shampoo,4768,41,-0.0952962393990821,0.2066248661931281,0.0661522288200659,0.2725504618473189,5753.1873620088345,642.8938877699632
Hair/Body,South America,Body,Brand B,Perfume,2047,27,-0.0653872223442801,0.2118699713767067,0.0510692886312165,0.4683602986552319,2480.6978314081184,313.702301841757
Hair/Body,South America,Body,Brand B,Body Wash,3020,10,-0.0841112848038341,0.1566350542258336,0.0646458182871504,0.2576250883140367,3493.037863762018,89.98941881359639
Hair/Body,South America,Body,Brand C,Cream,2896,45,-0.1076349502767541,0.1707252725791609,0.0697372644577067,0.495972920269501,3390.4203893892495,756.7005156599902
Hair/Body,South America,Body,Brand C,Soap,3693,41,-0.0464711757445132,0.1858628097640957,0.0948158985724521,0.3723985345210382,4379.391356458806,668.660358528138
Hair/Body,South America,Body,Brand D,Deodorant,7294,55,-0.0520382378562559,0.2785264918507191,0.0892068462013397,0.2555841185933062,9325.572231559145,1310.9074875496906
Hair/Body,South America,Body,Brand D,Conditioner,1601,42,-0.0420933766377248,0.2064333552682542,0.0697395929194083,0.3311800211296114,1931.499801784475,268.6631409700655
Hair/Body,South America,Body,Brand E,Soap,3679,18,-0.0967754059264009,0.1838744032412678,0.0896680312830273,0.2124887136494586,4355.4739295246245,166.5880294713192
Hair/Body,South America,Body,Brand E,Perfume,7015,19,-0.0141371827595161,0.2382806531371004,0.0634180367874287,0.2590031396492131,8686.538781756759,427.4697552603338
Hair/Body,South America,Fragrance,Brand A,Lotion,4499,15,-0.0473003374782205,0.2602630727715478,0.0530577210899778,0.2866962421487337,5669.923564399193,243.83186687757035
Hair/Body,South America,Fragrance,Brand A,Cream,8927,58,-0.1165147787175038,0.2413238205464354,0.0938077145738664,0.2871340833685518,11081.297746018028,1845.4545970853935
Hair/Body,South America,Fragrance,Brand B,Conditioner,2251,27,-0.0912046945770665,0.1322400411729649,0.099564315543642,0.4656193227748885,2548.672332680344,320.41199308978366
Hair/Body,South America,Fragrance,Brand B,Soap,4687,53,-0.022271903228707,0.1253647763419215,0.0947501355441819,0.4930351669030054,5274.584706714586,1378.294548146105
Hair/Body,South America,Fragrance,Brand C,Perfume,9104,32,-0.0750494929482723,0.1876843779971222,0.057283313625218,0.2773468084308979,10812.6785772858,959.6358060797946
Hair/Body,South America,Fragrance,Brand C,Body Wash,4164,10,-0.0678478246096413,0.2713987392025309,0.0741502757939505,0.2256071572769841,5294.104350039338,119.43878327400907
Hair/Body,South America,Fragrance,Brand D,Conditioner,9476,14,-0.0440498607542915,0.2584613658168344,0.0840732106385651,0.3687996210712869,11925.179902480322,615.7202560938337
Hair/Body,South America,Fragrance,Brand D,Cream,8007,55,-0.0607811217200034,0.2274046582875866,0.0730459215337095,0.375555714857426,9827.829098908705,2029.9935605054995
Hair/Body,South America,Fragrance,Brand E,Soap,1991,57,-0.0230825661391245,0.1873898659802629,0.0846122713957654,0.261204271730608,2364.0932231667034,351.98141173649896
Hair/Body,South America,Fragrance,Brand E,Conditioner,7098,48,-0.0821247063265506,0.2533497403789581,0.0500032622050606,0.3151447673080321,8896.276457209846,1345.7351875273541
Hair/Body,South America,Skincare,Brand A,Lotion,5120,11,-0.122603804742569,0.2697358060946715,0.0942031847039025,0.430192608068644,6501.047327204718,307.6372755354674
Hair/Body,South America,Skincare,Brand A,Soap,2802,23,-0.0496617437406623,0.2449992478623955,0.0554302666016348,0.4379844936208218,3488.487892510432,351.4178287138164
Hair/Body,South America,Skincare,Brand B,Conditioner,8060,18,-0.1473426003315387,0.2293224383162843,0.0740567670113077,0.2474516622177496,9908.338852829253,441.33028541087555
Hair/Body,South America,Skincare,Brand B,Perfume,9354,51,-0.0334467591182983,0.1552466309781678,0.0833006914720773,0.2577342587661066,10806.176986169781,1420.4122279691726
Hair/Body,South America,Skincare,Brand C,Shampoo,2241,29,-0.093516515702869,0.2575833422565072,0.0608808293713839,0.3435415049544893,2818.244269996833,280.77332457478263
Hair/Body,South America,Skincare,Brand C,Perfume,5091,55,-0.0600441085515509,0.2639569363525527,0.0530702711047231,0.3075103877980274,6434.804762970845,1088.3231194361674
Hair/Body,South America,Skincare,Brand D,Soap,3870,36,-0.0212277773108725,0.1163466313354511,0.0738511130720901,0.2517628437267986,4320.261463268196,391.5652721888523
Hair/Body,South America,Skincare,Brand D,Deodorant,2967,19,-0.1353866083376407,0.111026838179461,0.0994522678317204,0.2509494914210253,3296.416628878461,157.1744745404835
Hair/Body,South America,Skincare,Brand E,Deodorant,2772,43,-0.0513888195290297,0.2564851994723349,0.0717729883083813,0.3341795484687067,3482.9769729373124,500.4940590215304
Hair/Body,South America,Skincare,Brand E,Perfume,6095,26,-0.0802217574641566,0.252704970100952,0.0933266045620309,0.3644943314111712,7635.236792765303,723.5801377856908
Hair/Body,Africa,Hair,Brand A,Soap,8409,15,-0.1405009642308175,0.2476416719211859,0.0884675118491004,0.3559858528959256,10491.418819185254,560.219501465404
Hair/Body,Africa,Hair,Brand A,Deodorant,2534,14,-0.0323062537197847,0.1629066583219342,0.0943546300781658,0.4156185073370691,2946.8054721877816,171.46456484687505
Hair/Body,Africa,Hair,Brand B,Soap,4815,28,-0.1229052550397083,0.2310423036794729,0.0999910050501842,0.4728745526545888,5927.468692216662,784.8257497376896
Hair/Body,Africa,Hair,Brand B,Perfume,1186,24,-0.0135947112089644,0.1335591299168277,0.0677400025284094,0.4450142111849933,1344.4011280813577,143.5866258070417
Hair/Body,Africa,Hair,Brand C,Lotion,1018,25,-0.075913727023466,0.2146051017812086,0.0727169802543972,0.2961951985488136,1236.4679936132702,91.55897071688393
Hair/Body,Africa,Hair,Brand C,Body Wash,6085,53,-0.0800802238288902,0.1038326290638776,0.0649061431735509,0.2628805180702391,6716.821547853695,935.832409991116
Hair/Body,Africa,Hair,Brand D,Deodorant,4568,37,-0.0196204387474105,0.1801716712244387,0.0500785822483795,0.2817182088303097,5391.024194153237,561.9373815029539
Hair/Body,Africa,Hair,Brand D,Shampoo,6702,13,-0.0317054851038454,0.1187452070419064,0.0586892410663697,0.4850618089283422,7497.830377594857,472.7984515792248
Hair/Body,Africa,Hair,Brand E,Deodorant,2034,10,-0.1292422301270915,0.2959724506931214,0.0724748732905027,0.2314141606804499,2636.007964709809,61.00095707003015
Hair/Body,Africa,Hair,Brand E,Lotion,3779,23,-0.0566423862004924,0.1000327324721988,0.0677155129303117,0.2091241181655529,4157.023696012439,199.94680036303905
Hair/Body,Africa,Body,Brand A,Conditioner,9779,33,-0.0935771656195601,0.1215001383454075,0.080052633679178,0.3260517247677718,10967.14985287974,1180.0331813549578
Hair/Body,Africa,Body,Brand A,Shampoo,9395,18,-0.0573303372496857,0.2754053611850189,0.0715675322913973,0.385431783597211,11982.433368333253,831.313919698456
Hair/Body,Africa,Body,Brand B,Lotion,8692,13,-0.0419345764566092,0.2930275402012136,0.0783254475237175,0.2045731591080031,11238.995379428947,298.8955826961039
Hair/Body,Africa,Body,Brand B,Perfume,5017,26,-0.0093325170097756,0.2847839984230438,0.0657016241482289,0.371590271759975,6445.761320088411,622.7473721642128
Hair/Body,Africa,Body,Brand C,Deodorant,4140,41,-0.0726995682074921,0.1280642834745144,0.0797587377031191,0.2094992502281517,4670.18613358449,401.1442022988631
Hair/Body,Africa,Body,Brand C,Cream,8749,20,-0.0403027563013418,0.1359366067497107,0.0820571149028073,0.3422679732812584,9938.30937245322,680.3130013503397
Hair/Body,Africa,Body,Brand D,Body Wash,2191,39,-0.0114045296797145,0.223803324998755,0.0547739374175874,0.2530834575161043,2681.3530850722723,264.6563827407098
Hair/Body,Africa,Body,Brand D,Lotion,4067,23,-0.0573352279267143,0.2641300042320322,0.0930199679875976,0.4855572136687528,5141.216727211675,574.1616198543796
Hair/Body,Africa,Body,Brand E,Conditioner,4729,24,-0.1378000062355393,0.26168946139013,0.0814521909199098,0.3454329017840046,5966.529462913924,494.6485406289877
Hair/Body,Africa,Body,Brand E,Perfume,9157,27,-0.0117449070969911,0.1958064885158277,0.0547873301706451,0.2330221588105039,10950.000015339434,688.9300134883504
Hair/Body,Africa,Fragrance,Brand A,Lotion,7844,16,-0.1311291672431982,0.1660948770725,0.0813277277007336,0.342193783953224,9146.848215756689,500.7991363512922
Hair/Body,Africa,Fragrance,Brand A,Cream,1936,19,-0.0289491688204051,0.235017077303816,0.0786782348783709,0.3211055963735812,2390.993061660188,145.874638068003
Hair/Body,Africa,Fragrance,Brand B,Perfume,4558,37,-0.1134350083087633,0.2358741626003189,0.0560322721531894,0.3177096564356393,5633.114433132254,662.1870949488432
Hair/Body,Africa,Fragrance,Brand B,Body Wash,8273,29,-0.0556000676376055,0.1473806560117071,0.0609400663443695,0.2358962271465194,9492.280167184852,649.3659927524252
Hair/Body,Africa,Fragrance,Brand C,Deodorant,8051,24,-0.0505058977352582,0.1106444973021217,0.0645070257014088,0.4004137097691409,8941.798847779382,859.3005236757052
Hair/Body,Africa,Fragrance,Brand C,Soap,9750,13,-0.1160389304782403,0.2765930606221183,0.060330831101216,0.216624202729793,12446.782341065653,350.51565915399976
Hair/Body,Africa,Fragrance,Brand D,Lotion,9090,30,-0.0791100417535364,0.2678084620031691,0.0725224578739713,0.2756347101329537,11524.378919608807,952.9556528906088
Hair/Body,Africa,Fragrance,Brand D,Deodorant,8584,51,-0.0321373795047863,0.1324453716851233,0.0803981209558001,0.4366279068821591,9720.911070545098,2164.6547373970543
Hair/Body,Africa,Fragrance,Brand E,Body Wash,5115,45,-0.1373728970874178,0.2851770114573122,0.0678280530570407,0.2386562296386422,6573.680413604152,705.9824020620706
Hair/Body,Africa,Fragrance,Brand E,Soap,5374,52,-0.0486416926103066,0.1164015494159662,0.086907382891517,0.3639698560792943,5999.541926561403,1135.4992540071678
Hair/Body,Africa,Skincare,Brand A,Cream,5238,43,-0.0235081212720215,0.1356171376428326,0.0876323921725444,0.4947232642440956,5948.362566973157,1265.4011387973494
Hair/Body,Africa,Skincare,Brand A,Conditioner,4778,47,-0.1047681530849793,0.2247910692499888,0.0638094623542372,0.2551045188051875,5852.051728876447,701.655874949503
Hair/Body,Africa,Skincare,Brand B,Deodorant,4297,35,-0.1444745632182313,0.2920373184979211,0.0917736874106694,0.3084043644433386,5551.884357585566,599.2788783674314
Hair/Body,Africa,Skincare,Brand B,Lotion,2421,57,-0.0672754616895827,0.1537035763054278,0.0968313119470525,0.2840142024774711,2793.1163582354407,452.1722874992798
Hair/Body,Africa,Skincare,Brand C,Body Wash,9746,54,-0.0848707353348401,0.1670861972755007,0.0648230644789398,0.3444722208624756,11374.422078647029,2115.8131146077076
Hair/Body,Africa,Skincare,Brand C,Lotion,3477,50,-0.0005438703391973,0.227510032987474,0.0536445122675266,0.2946848278300568,4268.0523846974465,628.8651410771151
Hair/Body,Africa,Skincare,Brand D,Lotion,8130,56,-0.0490595010054142,0.2133804228830627,0.0599983398379925,0.2897369786813885,9864.7828380393,1600.5877299112512
Hair/Body,Africa,Skincare,Brand D,Cream,2028,33,-0.0294591710298109,0.153389703191153,0.0572947062126577,0.3424041757951267,2339.0743180716586,264.29990862094854
Hair/Body,Africa,Skincare,Brand E,Lotion,5576,16,-0.0771550296940052,0.2969680182042262,0.0720980021901313,0.3820076643956511,7231.893669506766,442.02220957535593
Hair/Body,Africa,Skincare,Brand E,Cream,6836,35,-0.0568668412483218,0.2251069642636725,0.0865187720690391,0.4124517576578353,8374.831207706466,1208.9748480971782
CC/Fragrances,North America,Hair,Brand A,Body Wash,8024,54,-0.0450577161926911,0.2196276720080119,0.0868768765324595,0.3282383347877004,9786.292440192288,1734.6076205296563
CC/Fragrances,North America,Hair,Brand A,Perfume,5433,46,-0.0903329562415567,0.265584592991581,0.0948399891326461,0.2386097482849483,6875.921093723259,754.7044286442177
CC/Fragrances,North America,Hair,Brand B,Deodorant,8492,56,-0.1018857648276116,0.2382786256182176,0.056205771003576,0.2942985769312292,10515.462088749904,1733.023895956297
CC/Fragrances,North America,Hair,Brand B,Lotion,5493,48,-0.081178263927229,0.1091135677814513,0.0558595324263386,0.266162824196726,6092.3608278235115,778.3487827003245
CC/Fragrances,North America,Hair,Brand C,Shampoo,5875,38,-0.0486028834232029,0.227933714532546,0.0679637274826256,0.4149556788731489,7214.110572878708,1137.5437370892412
CC/Fragrances,North America,Hair,Brand C,Body Wash,9233,38,-0.0172090662458735,0.1672352658528485,0.0859359034706232,0.3010314766078856,10777.08320961935,1232.8116834047503
CC/Fragrances,North America,Hair,Brand D,Lotion,8737,55,-0.1360527671993708,0.1196359662575632,0.0705717490646816,0.4476760780408695,9782.25943719233,2408.6059465713
CC/Fragrances,North America,Hair,Brand D,Body Wash,7120,32,-0.0593652587188451,0.1599169981350969,0.0643359504533973,0.4280255056759902,8258.60902672189,1131.1664975497388
CC/Fragrances,North America,Hair,Brand E,Lotion,7738,44,-0.0071589211670381,0.2514829712221866,0.0504700801073958,0.3114615022009441,9683.975231317281,1327.1216080420388
CC/Fragrances,North America,Hair,Brand E,Conditioner,1074,21,-0.0124570986524599,0.1801438013939897,0.0632873834528799,0.2463065845226976,1267.474442697145,65.5593331996141
CC/Fragrances,North America,Body,Brand A,Shampoo,8314,51,-0.1220724578678184,0.2218415522719023,0.0718939717693378,0.4153611563548787,10158.390665588597,2151.8944557173777
CC/Fragrances,North America,Body,Brand A,Deodorant,1984,37,-0.0841204339537129,0.2854788848958011,0.0701037361296133,0.3914644627864468,2550.390107633269,369.4032245507946
CC/Fragrances,North America,Body,Brand B,Conditioner,9980,26,-0.0931029234517916,0.1093502891534067,0.0524291804166488,0.3151622550979654,11071.315885750999,907.2078291783555
CC/Fragrances,North America,Body,Brand B,Perfume,8970,42,-0.1236381741535036,0.1605455745142633,0.079273731451748,0.2441511192894334,10410.093803392941,1067.48714268268
CC/Fragrances,North America,Body,Brand C,Conditioner,9022,27,-0.1209205231093957,0.1518063944062213,0.0860724686110613,0.4254233555867202,10391.59729033293,1193.6236110730122
CC/Fragrances,North America,Body,Brand C,Deodorant,9559,25,-0.0708716596047438,0.2356120846602438,0.0639024632688025,0.2184531501242447,11811.215917267271,645.049330981164
CC/Fragrances,North America,Body,Brand D,Soap,4310,31,-0.048267858402378,0.2111572460695162,0.0639126209319254,0.3695258657270841,5220.087730559614,597.976805719975
CC/Fragrances,North America,Body,Brand D,Shampoo,7829,39,-0.100579939840786,0.1346111259540583,0.0524927564661293,0.4637399918077152,8882.870505094323,1606.54349515196
CC/Fragrances,North America,Body,Brand E,Lotion,5164,23,-0.1388693679298204,0.1400531116940898,0.0567909422648234,0.3045745248536096,5887.234268788279,412.4133634271579
CC/Fragrances,North America,Body,Brand E,Shampoo,6927,59,-0.0142066634484758,0.2573678813995091,0.0889289045970576,0.3423981707841086,8709.7873144544,1759.506994188814
CC/Fragrances,North America,Fragrance,Brand A,Cream,3756,35,-0.0403897662522613,0.1521428223748236,0.0735206986071836,0.3526489928751247,4327.4484408398375,534.1246170334191
CC/Fragrances,North America,Fragrance,Brand A,Conditioner,9154,48,-0.1208047968241525,0.2314093998300117,0.0762994751716045,0.3740691159748319,11272.321646043927,2023.9811486974145
CC/Fragrances,North America,Fragrance,Brand B,Shampoo,7613,13,-0.0585784215939019,0.2113783321063665,0.0825703949464799,0.3853828417283927,9222.223242325768,462.03125802354776
CC/Fragrances,North America,Fragrance,Brand B,Perfume,1733,32,-0.0712586580636588,0.2835567008022575,0.0803894365396897,0.4476634083438101,2224.403762490312,318.6509343517466
CC/Fragrances,North America,Fragrance,Brand C,Body Wash,5278,47,-0.0663375042296887,0.2122405783051533,0.0648105283029143,0.3631161709263741,6398.205772294599,1091.9472309922803
CC/Fragrances,North America,Fragrance,Brand C,Conditioner,4608,33,-0.0798412872094072,0.2640144394017093,0.0691499066631786,0.4898601417991939,5824.578536763076,941.5655264199696
CC/Fragrances,North America,Fragrance,Brand D,Conditioner,1875,12,-0.1415706213748549,0.173478992188992,0.084026716578036,0.3653265477664909,2200.27311035436,96.45818154590371
CC/Fragrances,North America,Fragrance,Brand D,Shampoo,1720,46,-0.0856777617264454,0.2916902129342374,0.0561432251525916,0.3771882961647325,2221.7071662468884,385.4808926822744
CC/Fragrances,North America,Fragrance,Brand E,Deodorant,6887,43,-0.1101566138780671,0.1555590514517804,0.0541038396766385,0.2592882255380471,7958.335187348412,887.3061218547656
CC/Fragrances,North America,Fragrance,Brand E,Conditioner,5094,30,-0.1277285617454277,0.1247378914729471,0.0535858329163789,0.4685581683714274,5729.414819163193,805.3692340521656
CC/Fragrances,North America,Skincare,Brand A,Deodorant,4086,35,-0.1062270728885497,0.1619517169689,0.0890441733622249,0.4386455889587136,4747.734715534925,728.9005116804417
CC/Fragrances,North America,Skincare,Brand A,Lotion,8060,38,-0.0640815520291283,0.1807772403706261,0.0574698233455372,0.222676181609418,9517.064557387246,805.3049663923407
CC/Fragrances,North America,Skincare,Brand B,Body Wash,9633,18,-0.1230417426083771,0.2286574421110356,0.0934425881007682,0.3282791422548712,11835.657139855606,699.3718873010172
CC/Fragrances,North America,Skincare,Brand B,Conditioner,1771,18,-0.1125138218080877,0.2555177726024773,0.089673371116749,0.3474040259227888,2223.521975278987,139.04288746914813
CC/Fragrances,North America,Skincare,Brand C,Shampoo,4772,46,-0.0940994420198442,0.2348812765084086,0.0639374960956777,0.3113020180476729,5892.853451498126,843.850298894858
CC/Fragrances,North America,Skincare,Brand C,Perfume,6141,22,-0.0772472568235576,0.1532439545072969,0.0649393146758299,0.3454966161760831,7082.071124629311,538.3029539971104
CC/Fragrances,North America,Skincare,Brand D,Conditioner,4699,13,-0.0387732041262175,0.1904742315456014,0.0605427253823206,0.2306300973422437,5594.038414032781,167.719971115402
CC/Fragrances,North America,Skincare,Brand D,Deodorant,6997,47,-0.0957183205150822,0.2628096495254189,0.0659836581914572,0.4480290054403611,8835.879117729355,1860.6031626545432
CC/Fragrances,North America,Skincare,Brand E,Deodorant,1132,55,-0.0174986707016404,0.1399907420375885,0.0902047982876731,0.2777939795687805,1290.4695199865503,197.16656490810277
CC/Fragrances,North America,Skincare,Brand E,Lotion,2202,41,-0.0124038182004343,0.1874542715025491,0.0750028272913101,0.3343959919726744,2614.774305848613,358.4917195934523
CC/Fragrances,Europe,Hair,Brand A,Perfume,7667,47,-0.0879381609839583,0.1626836789049473,0.0806351625015522,0.350463635506557,8914.29576616423,1468.344156029594
CC/Fragrances,Europe,Hair,Brand A,Deodorant,9456,11,-0.0349157034671284,0.2307994953639937,0.0918406031447356,0.238736834625219,11638.440028161924,305.63767655287046
CC/Fragrances,Europe,Hair,Brand B,Cream,5516,15,-0.078909081171674,0.2191727698230552,0.0630619166903306,0.2393066188613093,6724.956998343972,241.39900818920933
CC/Fragrances,Europe,Hair,Brand B,Shampoo,4134,26,-0.0084178359564872,0.1588826855662924,0.0635362117809748,0.4652175661670851,4790.821022131053,579.481264923058
CC/Fragrances,Europe,Hair,Brand C,Deodorant,2112,50,-0.0011949096686048,0.2952479455035774,0.092376080600779,0.4866082063380284,2735.5636609035555,665.5738631778848
CC/Fragrances,Europe,Hair,Brand C,Conditioner,4066,21,-0.0341812144958545,0.2273668447343985,0.0803132364826609,0.3975324951050237,4990.473590690064,416.61383783517704
CC/Fragrances,Europe,Hair,Brand D,Deodorant,9970,15,-0.0134391336086009,0.2113399154674535,0.0736657159679488,0.4387935913444558,12077.058957210513,794.9004109069693
CC/Fragrances,Europe,Hair,Brand D,Body Wash,1694,42,-0.1047199659159575,0.2076477010267841,0.0876566803749488,0.289466461596232,2045.7552055393724,248.71455866861285
CC/Fragrances,Europe,Hair,Brand E,Lotion,7353,18,-0.0510732206833832,0.2736121440742681,0.055756037056396,0.4546421955038716,9364.870095378094,766.3797181388245
CC/Fragrances,Europe,Hair,Brand E,Body Wash,5116,16,-0.0061965058200269,0.2046346841941634,0.0626507173218297,0.2043348715922527,6162.911044337339,201.48762190066338
CC/Fragrances,Europe,Body,Brand A,Cream,6903,21,-0.1436326411742864,0.1668559366916638,0.0874694957156593,0.4369572112136455,8054.806530982555,739.117217715155
CC/Fragrances,Europe,Body,Brand A,Lotion,3230,14,-0.0716400343347453,0.2797995737012838,0.0658823014755583,0.2065784521222568,4133.752623055147,119.55219056578716
CC/Fragrances,Europe,Body,Brand B,Deodorant,2525,44,-0.0586803621473016,0.2543670357429232,0.0666973057058934,0.3324319135327718,3167.2767652508805,463.2777053345047
CC/Fragrances,Europe,Body,Brand B,Perfume,5266,51,-0.0119618705950681,0.2037636534422277,0.0787871624521655,0.4574887346876851,6339.019399026772,1479.0152816509383
CC/Fragrances,Europe,Body,Brand C,Lotion,4520,11,-0.0923627121137712,0.2279805518365094,0.0810393783988904,0.3173766011325765,5550.4720943010225,193.7748964767519
CC/Fragrances,Europe,Body,Brand C,Deodorant,5792,15,-0.0893639378846974,0.1479492002866808,0.0729914203226782,0.3580244456536755,6648.921768060454,357.07147953067505
CC/Fragrances,Europe,Body,Brand D,Deodorant,1006,23,-0.0213304237601767,0.2303746571370547,0.0510160166741578,0.4258748824285938,1237.756905079877,121.23980257799673
CC/Fragrances,Europe,Body,Brand D,Lotion,9782,50,-0.1483909595776826,0.2527390331982658,0.0697877211593075,0.4837950073821678,12254.293222745435,2964.282940080688
CC/Fragrances,Europe,Body,Brand E,Perfume,9273,35,-0.0843960825000085,0.2436296076761614,0.0607024095388342,0.2478793894071914,11532.177351981045,1000.5061781905758
CC/Fragrances,Europe,Body,Brand E,Cream,5186,36,-0.0868072681273451,0.1947963813050474,0.0705385233207388,0.3959510277831055,6196.214033447975,883.2230333668178
CC/Fragrances,Europe,Fragrance,Brand A,Conditioner,2283,48,-0.0357431999379162,0.1341067838424915,0.0683300961366889,0.439261497674787,2589.165787512408,545.9140039444894
CC/Fragrances,Europe,Fragrance,Brand A,Deodorant,7311,12,-0.0622494939772092,0.1784492438046397,0.0536852392390046,0.3711598858742917,8615.642421455721,383.7337029457454
CC/Fragrances,Europe,Fragrance,Brand B,Deodorant,7146,59,-0.0818816625696043,0.1929061609022192,0.0773772127374445,0.3495976363753307,8524.507425807258,1758.2871119224415
CC/Fragrances,Europe,Fragrance,Brand B,Perfume,5593,47,-0.0193827988589237,0.1293325653683395,0.0891928462871694,0.2643337849364082,6316.357038105123,784.7244845592625
CC/Fragrances,Europe,Fragrance,Brand C,Cream,6661,51,-0.0851555669164548,0.2146113058731078,0.0563863032863119,0.4582389165745852,8090.525908420771,1890.7708516646064
CC/Fragrances,Europe,Fragrance,Brand C,Body Wash,4331,32,-0.0512343553367752,0.1423023059995779,0.098870739356664,0.2595129108905991,4947.311287284171,410.8451690384103
CC/Fragrances,Europe,Fragrance,Brand D,Perfume,5593,37,-0.137713189255359,0.2651685903476733,0.0527727992448003,0.350058472724767,7076.087925814537,916.5064769054163
CC/Fragrances,Europe,Fragrance,Brand D,Body Wash,2715,40,-0.1104361683199194,0.1813073513824692,0.0899594346935636,0.4524193355429585,3207.249459003404,580.4086676651333
CC/Fragrances,Europe,Fragrance,Brand E,Soap,3997,51,-0.0554294948067792,0.1358095593798928,0.0600968022840653,0.4471564746165115,4539.8308088414315,1035.30751731685
CC/Fragrances,Europe,Fragrance,Brand E,Cream,4126,55,-0.0375527370250645,0.2243708444314189,0.0527402947384982,0.3033646118657817,5051.754104124035,842.8878826714266
CC/Fragrances,Europe,Skincare,Brand A,Lotion,7747,21,-0.1302708860939524,0.220851577046822,0.0835574599178191,0.2556393341677284,9457.93716738173,507.742359614632
CC/Fragrances,Europe,Skincare,Brand A,Shampoo,1114,57,-0.1168495821275925,0.1786394700843649,0.0969714676485296,0.2897173071778379,1313.0043696739826,216.82805146796795
CC/Fragrances,Europe,Skincare,Brand B,Lotion,9872,17,-0.1111872441438043,0.2767662977857491,0.092775622005499,0.46334777890677,12604.236891740917,992.8246786624971
CC/Fragrances,Europe,Skincare,Brand B,Conditioner,1646,30,-0.0748801620414763,0.2618955795110722,0.0941631477131606,0.2627799367086662,2077.0801238752247,163.74449504722799
CC/Fragrances,Europe,Skincare,Brand C,Cream,7053,55,-0.0298770967955269,0.1973452662691175,0.0665025484526744,0.2385663995393166,8444.876162996086,1108.0650354187565
CC/Fragrances,Europe,Skincare,Brand C,Shampoo,5769,12,-0.0400744415262725,0.1119746282440053,0.0901516188519679,0.4167235855238547,6414.9816303396665,320.7928975277771
CC/Fragrances,Europe,Skincare,Brand D,Soap,3301,44,-0.1479042698071709,0.2662972386822636,0.0922431577947079,0.4284535596774634,4180.047184890152,788.0206822338159
CC/Fragrances,Europe,Skincare,Brand D,Shampoo,4250,51,-0.1368402294805593,0.12194067820023,0.0778048116865147,0.4344700771961455,4768.247882350977,1056.547123023047
CC/Fragrances,Europe,Skincare,Brand E,Deodorant,1098,14,-0.0247034256862583,0.2337089271306612,0.0588717172573014,0.4691283785526726,1354.612401989466,88.96819675977231
CC/Fragrances,Europe,Skincare,Brand E,Lotion,1818,58,-0.104049980147435,0.2613448289783545,0.0758717842882148,0.4536213410081602,2293.1248990826484,603.3220272562223
CC/Fragrances,Asia,Hair,Brand A,Perfume,3738,39,-0.0066195442215969,0.2856175274519272,0.063273199601964,0.4383650819098394,4805.638317615304,821.5833735448933
CC/Fragrances,Asia,Hair,Brand A,Body Wash,2406,56,-0.0994913699706409,0.1688742960571431,0.0547093445226485,0.2921600386229014,2812.311556313486,460.1212296308209
CC/Fragrances,Asia,Hair,Brand B,Shampoo,2239,52,-0.1213555869246636,0.2135368195130509,0.0916834465836752,0.2282303471167063,2717.1089388897212,322.4658924638875
CC/Fragrances,Asia,Hair,Brand B,Lotion,9598,20,-0.0421239783756681,0.1706355204551604,0.0535215631031957,0.2528127047913427,11235.75972532863,568.108561309193
CC/Fragrances,Asia,Hair,Brand C,Perfume,3751,27,-0.1197319993381496,0.1247354059663247,0.0711011689283469,0.3065520548593908,4218.882507779684,349.1929175319545
CC/Fragrances,Asia,Hair,Brand C,Conditioner,2162,32,-0.1389150559406883,0.2167035790793277,0.0540604218928313,0.2253772033105865,2630.5131379695063,189.71446217834313
CC/Fragrances,Asia,Hair,Brand D,Perfume,6534,30,-0.1170272882969117,0.1768471434595744,0.0673078170859087,0.4855864910515395,7689.519235364859,1120.1779990122416
CC/Fragrances,Asia,Hair,Brand D,Lotion,4794,19,-0.0714629080049304,0.2652167893307443,0.0950915703631591,0.3796051619860633,6065.449288051588,437.4704133067243
CC/Fragrances,Asia,Hair,Brand E,Deodorant,7347,46,-0.025992798889867,0.2497812213789167,0.0659196013433636,0.4858825217488882,9182.142633470901,2052.2636041920564
CC/Fragrances,Asia,Hair,Brand E,Body Wash,8055,22,-0.1275724577977285,0.2749487495444126,0.0592846169448285,0.2099447452560539,10269.712177580242,474.3358635345172
CC/Fragrances,Asia,Body,Brand A,Shampoo,2128,17,-0.0253162838604755,0.2544426491772083,0.0532644780540081,0.3009724705573595,2669.453957449099,136.58346594413788
CC/Fragrances,Asia,Body,Brand A,Soap,8540,50,-0.0038287037928901,0.2031632275582499,0.0645915926718742,0.440691994663947,10275.013963347456,2264.058199353749
CC/Fragrances,Asia,Body,Brand B,Body Wash,9864,38,-0.0851599665468334,0.2064660932759044,0.0600399400339472,0.2283092438788805,11900.58154407352,1032.4648541376266
CC/Fragrances,Asia,Body,Brand B,Soap,4168,12,-0.0564249878151471,0.2001326388779886,0.085680639467631,0.4680883749391825,5002.152838843457,280.9739512237982
CC/Fragrances,Asia,Body,Brand C,Soap,6138,46,-0.0540071091705939,0.153006851519806,0.0968535717885451,0.2878690580014966,7077.156054628569,937.1553535167367
CC/Fragrances,Asia,Body,Brand C,Deodorant,6739,28,-0.0502460764798011,0.2621974697437312,0.0766243436178409,0.4267790150083416,8505.948748603005,1016.4449200192635
CC/Fragrances,Asia,Body,Brand D,Cream,9846,31,-0.0906031682102028,0.1166359618202987,0.0845620785222419,0.3653968569957793,10994.397680082662,1245.3686906278065
CC/Fragrances,Asia,Body,Brand D,Shampoo,6379,41,-0.0886601323428034,0.1534271845927393,0.0869514207859742,0.3398965178017749,7357.712010517084,1025.3528834588517
CC/Fragrances,Asia,Body,Brand E,Conditioner,2577,46,-0.1183900693073805,0.2844316791539947,0.0939556461460463,0.4240098903156988,3309.9804371798446,645.593643373238
CC/Fragrances,Asia,Body,Brand E,Soap,9973,17,-0.0465159944542842,0.2337937467950964,0.0870810389717839,0.4865689612853554,12304.625036787496,1017.7982659364299
CC/Fragrances,Asia,Fragrance,Brand A,Body Wash,4528,48,-0.0914167808929536,0.1403990838811447,0.0548794069161136,0.2929504930618088,5163.727051813823,726.1038652154208
CC/Fragrances,Asia,Fragrance,Brand A,Lotion,8251,59,-0.0219543776584906,0.1753228883054937,0.0714230239645005,0.415319019420478,9697.589151408627,2376.279998092361
CC/Fragrances,Asia,Fragrance,Brand B,Shampoo,9554,36,-0.1009386232829427,0.1829800158913513,0.0846446475049233,0.3751441844309585,11302.19107182597,1526.382450692285
CC/Fragrances,Asia,Fragrance,Brand B,Lotion,6734,29,-0.0310957198858254,0.2054667785091981,0.069307257588467,0.4198317479749641,8117.613286480941,988.3292148799449
CC/Fragrances,Asia,Fragrance,Brand C,Soap,4494,42,-0.0871928708460088,0.146688360177928,0.0580009428977876,0.3827931242816552,5153.2174906396085,828.4988138048188
CC/Fragrances,Asia,Fragrance,Brand C,Shampoo,1819,29,-0.1375358792775376,0.1182099787552673,0.0901481397032375,0.4282098051493616,2034.0239513558313,252.58680996497236
CC/Fragrances,Asia,Fragrance,Brand D,Perfume,8123,49,-0.0139322405838709,0.1936633287626825,0.0509995716266554,0.2666611797017792,9696.12721953927,1266.9345542214285
CC/Fragrances,Asia,Fragrance,Brand D,Cream,8761,59,-0.0126201689859971,0.2447784776470546,0.0899387437554716,0.4406621262499711,10905.504242665844,2835.3291855667144
CC/Fragrances,Asia,Fragrance,Brand E,Body Wash,8521,38,-0.0222114773030357,0.2009013073367188,0.0692940016581401,0.3902904669566047,10232.88003981618,1517.642301039295
CC/Fragrances,Asia,Fragrance,Brand E,Conditioner,2936,43,-0.1102650209995399,0.1530522136034194,0.0949717432825271,0.3685422817801715,3385.3612991396394,536.4889744691396
CC/Fragrances,Asia,Skincare,Brand A,Soap,3275,26,-0.1128802313412665,0.2550621369497997,0.0900279224482268,0.3480921603036173,4110.328498510594,372.0010129170598
CC/Fragrances,Asia,Skincare,Brand A,Conditioner,3984,42,-0.0201612403906814,0.2976275947502209,0.0593841808046093,0.4167427653275208,5169.74833748488,904.8711916485369
CC/Fragrances,Asia,Skincare,Brand B,Cream,6887,57,-0.118875358215781,0.1161064450325394,0.0675665340800801,0.3207747659233394,7686.625086939098,1405.4349569119136
CC/Fragrances,Asia,Skincare,Brand B,Deodorant,7884,53,-0.0181868104606535,0.2890175908300876,0.0564987976179139,0.3317550039914081,10162.61468610441,1786.8940861484073
CC/Fragrances,Asia,Skincare,Brand C,Shampoo,3287,14,-0.0812711983661018,0.2056731633921973,0.0876674908809669,0.3853193869277892,3963.0476880701526,213.78547477458974
CC/Fragrances,Asia,Skincare,Brand C,Deodorant,9702,31,-0.107479591058383,0.2151250281890312,0.0816962673280153,0.4051424859211756,11789.14302348998,1480.6476405392746
CC/Fragrances,Asia,Skincare,Brand D,Conditioner,9119,22,-0.0192371777176165,0.1056083874073375,0.0673669471893572,0.4982565251297579,10082.04288476751,1105.1576038741612
CC/Fragrances,Asia,Skincare,Brand D,Lotion,6797,12,-0.0902094980461309,0.1036438117176698,0.059598191952085,0.4630220139988058,7501.4669882450025,416.80132234113086
CC/Fragrances,Asia,Skincare,Brand E,Cream,9574,59,-0.0473927154590557,0.1206676981553514,0.0692517456217517,0.2170381629952582,10729.272542139333,1373.910345664617
CC/Fragrances,Asia,Skincare,Brand E,Deodorant,6978,55,-0.0237703677640865,0.1158131249088456,0.0781943282511308,0.3618048142636982,7786.143985613925,1549.3854082000016
CC/Fragrances,South America,Hair,Brand A,Deodorant,2023,32,-0.0680038675995067,0.1213926362195702,0.0727715425974134,0.3358937958080354,2268.5773030721903,243.84033325211968
CC/Fragrances,South America,Hair,Brand A,Lotion,6577,15,-0.0113951398005685,0.2804424514675386,0.0603165481011622,0.229438957696446,8421.470003302002,289.83199497442456
CC/Fragrances,South America,Hair,Brand B,Shampoo,5286,33,-0.0319451687795765,0.2065994259828683,0.0600228864794899,0.3528424026124078,6378.084565745442,742.6513651401033
CC/Fragrances,South America,Hair,Brand B,Soap,5180,47,-0.0625461229033573,0.2833648609075673,0.0812325956870369,0.4876017264810433,6647.829979501198,1523.5018864178944
CC/Fragrances,South America,Hair,Brand C,Shampoo,9590,37,-0.0370182126136033,0.2387485744530418,0.093133687386228,0.2577842008791656,11879.59882900467,1133.0779696330148
CC/Fragrances,South America,Hair,Brand C,Conditioner,8926,10,-0.1334945824701975,0.2530918461114665,0.0796903023203165,0.4060119114791818,11185.097818390952,454.1282945326537
CC/Fragrances,South America,Hair,Brand D,Lotion,5213,59,-0.0919924280001115,0.2534397011010338,0.0797033371385051,0.4183008280147283,6534.18116183969,1612.6195003335108
CC/Fragrances,South America,Hair,Brand D,Cream,1181,46,-0.1061856273701549,0.2546479630033552,0.082146172075722,0.2251745135289181,1481.7392443069623,153.4789602162224
CC/Fragrances,South America,Hair,Brand E,Lotion,5272,20,-0.0302083661004681,0.2369865568221116,0.0790605646245806,0.4628570494795291,6521.393127566173,603.6945563042715
CC/Fragrances,South America,Hair,Brand E,Body Wash,9454,46,-0.0532185604143076,0.1929220958121072,0.0576323546721926,0.4979582684203352,11277.885493807662,2583.321512692069
CC/Fragrances,South America,Body,Brand A,Conditioner,1223,18,-0.0593843348772475,0.1548781598362367,0.0596306692239016,0.4807638681265518,1412.4159894797176,122.22694341109082
CC/Fragrances,South America,Body,Brand A,Soap,2695,19,-0.0904480972736795,0.2785524236779295,0.0726624618287766,0.3050955887916377,3445.69878181202,199.74082474075772
CC/Fragrances,South America,Body,Brand B,Perfume,5604,38,-0.1013607675202866,0.1214013840263891,0.0617160421405862,0.2573289260570591,6284.333356083884,614.5134863321355
CC/Fragrances,South America,Body,Brand B,Soap,1765,43,-0.1024135118600072,0.1508060251384342,0.0501660108020566,0.405122270962192,2031.1726343693365,353.8355062513444
CC/Fragrances,South America,Body,Brand C,Deodorant,4608,56,-0.1452595498507899,0.2724001344645214,0.0774942762992295,0.3581389573537807,5863.2198196125155,1175.9145624419473
CC/Fragrances,South America,Body,Brand C,Soap,4539,42,-0.0480410626795858,0.2681346483143862,0.084678921167309,0.42982105562054,5756.063168698999,1039.11240190326
CC/Fragrances,South America,Body,Brand D,Soap,3489,11,-0.0775665124167933,0.2767871613264874,0.0689253809916335,0.4663013513546298,4454.710405868114,228.49612303648163
CC/Fragrances,South America,Body,Brand D,Conditioner,2181,35,-0.0117012542947519,0.2226264634918554,0.0509882618737736,0.2271680384232316,2666.5483168757364,212.0140926769008
CC/Fragrances,South America,Body,Brand E,Cream,1624,28,-0.0075093568345586,0.2148336536334653,0.0532712143557168,0.2908061813251759,1972.8898535007474,160.64399805208666
CC/Fragrances,South America,Body,Brand E,Soap,2826,50,-0.0040073945199803,0.1338653587242913,0.0716758002349685,0.2581922894091356,3204.303503754847,413.66322879808934
CC/Fragrances,South America,Fragrance,Brand A,Shampoo,1249,48,-0.0361581763322059,0.2823070400733316,0.0516303229982922,0.4843617970893386,1601.6014930515912,372.3621971498095
CC/Fragrances,South America,Fragrance,Brand A,Conditioner,2336,13,-0.0651022834249475,0.1629992680692653,0.0590326898539502,0.3807971691202764,2716.7662902098036,134.4897986215275
CC/Fragrances,South America,Fragrance,Brand B,Perfume,5605,36,-0.083169557507857,0.2421905902093178,0.0696698498744286,0.3027869203527086,6962.478258123226,758.9330459279361
CC/Fragrances,South America,Fragrance,Brand B,Soap,5562,51,-0.1161281366718971,0.1745981769746225,0.0968520905869029,0.2894523616015756,6533.115060332851,964.4230472423636
CC/Fragrances,South America,Fragrance,Brand C,Conditioner,9313,10,-0.0566641796925738,0.1673296356542321,0.0529819382378242,0.3322156886675337,10871.340896847862,361.1630002785836
CC/Fragrances,South America,Fragrance,Brand C,Perfume,3746,22,-0.1025036395993257,0.1452581849308701,0.0729546760926527,0.3304619620140622,4290.137160751039,311.89997155926983
CC/Fragrances,South America,Fragrance,Brand D,Lotion,3250,33,-0.0664998748687503,0.2756945493585612,0.0884124880899296,0.3674447761120916,4146.007285415324,502.73147718701637
CC/Fragrances,South America,Fragrance,Brand D,Perfume,8639,43,-0.0185266258589411,0.2730111412766788,0.070963412897271,0.4922918454393084,10997.543249489227,2328.0203704835535
CC/Fragrances,South America,Fragrance,Brand E,Cream,7026,10,-0.0713414884773764,0.2835943927803276,0.0801106296432072,0.4511733313376531,9018.534203674582,406.892212045443
CC/Fragrances,South America,Fragrance,Brand E,Lotion,7602,30,-0.0816467085849223,0.2566310789237877,0.0644250571736263,0.2547997404642227,9552.909461978636,730.2236554771121
CC/Fragrances,South America,Skincare,Brand A,Body Wash,4472,34,-0.0357250545439925,0.1955347474361752,0.0652341263883943,0.4922053828846465,5346.431390534576,894.7243852791519
CC/Fragrances,South America,Skincare,Brand A,Soap,4849,31,-0.0165203587188568,0.282190121083724,0.0887149904835945,0.2044317973454011,6217.339897134977,394.01681066235807
CC/Fragrances,South America,Skincare,Brand B,Conditioner,9580,18,-0.0841808711405531,0.2644330832398233,0.0552373727300956,0.4167350449006543,12113.268937437508,908.6442614166097
CC/Fragrances,South America,Skincare,Brand B,Deodorant,8470,32,-0.076995914805394,0.2955034838168988,0.0710880915368262,0.4417681473415457,10972.914507929134,1551.194916193607
CC/Fragrances,South America,Skincare,Brand C,Shampoo,6660,42,-0.1424348154035032,0.2069946448718783,0.0572680604563528,0.4404610406572522,8038.584334846709,1487.08695304582
CC/Fragrances,South America,Skincare,Brand C,Lotion,1910,54,-0.1192620191797392,0.2405399194399017,0.0666029424799834,0.2420866634877495,2369.431246130212,309.74816055921315
CC/Fragrances,South America,Skincare,Brand D,Cream,9104,57,-0.1370878167137747,0.1517817702541555,0.0874260087031308,0.4227641793937454,10485.821236393831,2526.8268778559213
CC/Fragrances,South America,Skincare,Brand D,Body Wash,3353,45,-0.1393589436271502,0.269617091410422,0.056038251706012,0.4824882178107373,4257.026107499145,924.2842229014692
CC/Fragrances,South America,Skincare,Brand E,Conditioner,6806,12,-0.0307145488945279,0.251074288577444,0.0679221164228951,0.3618318882815615,8514.811608058084,369.71164350064987
CC/Fragrances,South America,Skincare,Brand E,Lotion,2996,57,-0.1104220478011295,0.1382421216826609,0.0733444905074723,0.4427577955199417,3410.1733965612516,860.6320875792607
CC/Fragrances,Africa,Hair,Brand A,Perfume,9756,12,-0.1195493039196031,0.2305012148853096,0.0653149140694137,0.4585418925650823,12004.769852421081,660.5627865524888
CC/Fragrances,Africa,Hair,Brand A,Cream,1875,21,-0.0434591802476722,0.1417483444701399,0.0805818099295828,0.279191947242473,2140.7781458815125,125.51448402418598
CC/Fragrances,Africa,Hair,Brand B,Shampoo,5644,14,-0.1340354756438654,0.2116968661968426,0.0708787517756373,0.2798119613000625,6838.81711281498,267.90159610328664
CC/Fragrances,Africa,Hair,Brand B,Perfume,8554,30,-0.1268808181272901,0.1899344416128693,0.069622878105209,0.3760601570062283,10178.699213556483,1148.3409673107672
CC/Fragrances,Africa,Hair,Brand C,Cream,4083,40,-0.0445823454965275,0.1751531302926786,0.0741435127727819,0.2992813349010476,4798.150230985007,574.398722473985
CC/Fragrances,Africa,Hair,Brand C,Lotion,2996,50,-0.0750906585353445,0.1344930811352445,0.0804349657320596,0.4168179840390937,3398.9412710811926,708.3699242396686
CC/Fragrances,Africa,Hair,Brand D,Conditioner,4249,19,-0.145707745746598,0.2639488574969304,0.0642783972483697,0.2791994010430363,5370.518695504457,284.8946645843019
CC/Fragrances,Africa,Hair,Brand D,Cream,2240,46,-0.0003050350763011,0.2784553493365733,0.09669607367355,0.4116346862881965,2863.739982513924,542.2547662840188
CC/Fragrances,Africa,Hair,Brand E,Soap,3284,30,-0.0568529796456492,0.2509175014012796,0.0943466591977175,0.2828783334744541,4108.013074601802,348.62036773038784
CC/Fragrances,Africa,Hair,Brand E,Deodorant,9015,10,-0.0605447822298937,0.1204552400146242,0.0526204399831599,0.4139418296348552,10100.903988731836,418.11866780616634
CC/Fragrances,Africa,Body,Brand A,Body Wash,1977,30,-0.0289713615864958,0.2689055037809297,0.0672850028278134,0.4217546409914617,2508.6261809748976,317.4074203016549
CC/Fragrances,Africa,Body,Brand A,Shampoo,5876,19,-0.0670934496985386,0.1433797837359239,0.0634806693504547,0.4569744841527015,6718.499609232289,583.3347497097199
CC/Fragrances,Africa,Body,Brand B,Body Wash,2151,46,-0.0444045459213905,0.1514370239302967,0.0504417585557402,0.3326916860074759,2476.7410384740683,379.0359298711685
CC/Fragrances,Africa,Body,Brand B,Cream,3999,53,-0.1156431229367846,0.1145262006407725,0.0989077506557297,0.4054413922332787,4456.99027636245,957.7356216938459
CC/Fragrances,Africa,Body,Brand C,Deodorant,7673,38,-0.0073139407490678,0.1750674316907093,0.0810593587310012,0.2920217883172127,9016.292403362811,1000.522456015945
CC/Fragrances,Africa,Body,Brand C,Soap,6840,45,-0.1138087497549447,0.1818882744246818,0.0625459820013728,0.4939314070726677,8084.115797064825,1796.8494107621743
CC/Fragrances,Africa,Body,Brand D,Shampoo,8290,15,-0.1337962674700043,0.2978139533148852,0.0745815877693751,0.3109212189038843,10758.877672980398,501.77450401812774
CC/Fragrances,Africa,Body,Brand D,Deodorant,4203,47,-0.0212616915566638,0.2349137240863328,0.0918267254132353,0.4288166426062296,5190.342382334857,1046.0814413537366
CC/Fragrances,Africa,Body,Brand E,Shampoo,8805,32,-0.078078083025761,0.1788614193957572,0.0749123885515681,0.3766357362358061,10379.874797779641,1251.0181716791117
CC/Fragrances,Africa,Body,Brand E,Lotion,5855,59,-0.0613687400727367,0.2165585364352744,0.0716354467497727,0.2105489767165739,7122.950230828532,884.8406305593784
CC/Fragrances,Africa,Fragrance,Brand A,Lotion,1565,10,-0.1443321415695549,0.2739793123855623,0.0693192882562759,0.2948696028900993,1993.7776238834049,58.79044162056653
CC/Fragrances,Africa,Fragrance,Brand A,Body Wash,2215,59,-0.0696736670955671,0.210977676531142,0.0561373507883665,0.2415284554765501,2682.3155535164797,382.2347643175221
CC/Fragrances,Africa,Fragrance,Brand B,Lotion,3725,57,-0.015488596399972,0.1510602578211265,0.0574302795382436,0.2437390126055066,4287.699460383696,595.6953907091586
CC/Fragrances,Africa,Fragrance,Brand B,Deodorant,9447,25,-0.1482259494444636,0.2905514098371954,0.0654581651490777,0.4293400019353798,12191.839168731985,1308.6110630748074
CC/Fragrances,Africa,Fragrance,Brand C,Shampoo,4071,12,-0.046824450437543,0.1296766743157928,0.093544303607543,0.4195707948287218,4598.913741139593,231.54838724624037
CC/Fragrances,Africa,Fragrance,Brand C,Body Wash,4934,42,-0.1207349795747611,0.1497349334868612,0.0810504702498268,0.2932544816887735,5672.7921618241735,698.7001245604316
CC/Fragrances,Africa,Fragrance,Brand D,Shampoo,4599,40,-0.0658857025104215,0.1244535384517889,0.0848281482160655,0.4774086392705119,5171.361823339777,987.5411245024467
CC/Fragrances,Africa,Fragrance,Brand D,Conditioner,6640,30,-0.1273890786265197,0.2491805163247585,0.0877108558794301,0.2303966602725305,8294.558628396397,573.3115819251693
CC/Fragrances,Africa,Fragrance,Brand E,Shampoo,9111,27,-0.0267088419174818,0.2177206864867067,0.0991079665439804,0.2534655123188521,11094.653174580386,759.270226741649
CC/Fragrances,Africa,Fragrance,Brand E,Body Wash,7649,22,-0.1051866078385856,0.1292542919262582,0.0834293080514861,0.225548118525606,8637.66607894395,428.6060531628164
CC/Fragrances,Africa,Skincare,Brand A,Cream,1417,41,-0.0127764185750721,0.1063293527391202,0.0601865616647213,0.4812476417494303,1567.6686928313334,309.3191132024914
CC/Fragrances,Africa,Skincare,Brand A,Conditioner,7664,47,-0.1446295349028127,0.2519158738714803,0.099495868802635,0.2996702558968073,9594.683257351026,1351.3633578802212
CC/Fragrances,Africa,Skincare,Brand B,Body Wash,8220,48,-0.0908242622811295,0.1270716821358381,0.0564431692763603,0.3222311759488381,9264.52922715659,1432.953670789943
CC/Fragrances,Africa,Skincare,Brand B,Soap,3461,39,-0.0601568949926762,0.2057762238025252,0.0801516301360767,0.4506620719489623,4173.191510580539,733.4726617912378
CC/Fragrances,Africa,Skincare,Brand C,Shampoo,9937,14,-0.1144003388615685,0.123436655479104,0.0685273412635167,0.2191974482512633,11163.590045495856,342.5842631814255
CC/Fragrances,Africa,Skincare,Brand C,Deodorant,9416,52,-0.0334767835189664,0.1774567223629734,0.0930842366090417,0.2316321387725824,11086.932497769758,1335.4067411805422
CC/Fragrances,Africa,Skincare,Brand D,Cream,9009,54,-0.0779002958036149,0.2173900698537029,0.0503210812178709,0.2258260767003701,10967.467139312008,1337.4396407219738
CC/Fragrances,Africa,Skincare,Brand D,Body Wash,8280,13,-0.0378626278064073,0.2431656826192101,0.0627397353055367,0.2625812947953965,10293.41185208706,351.37146355782903
CC/Fragrances,Africa,Skincare,Brand E,Conditioner,1573,17,-0.0878037159457555,0.1710188961166947,0.0879572375395444,0.256061857350365,1842.0127235915609,80.18376387519614
CC/Fragrances,Africa,Skincare,Brand E,Lotion,8203,20,-0.0545833322563532,0.18610511510273,0.0525513498554768,0.2421393258062846,9729.620259187694,471.1847379821753
Hair/Body,North America,Hair,Brand A,Lotion,5003,17,-0.1077082615307975,0.1186769500201079,0.0927658913827937,0.3847601913420111,5596.7407809506,366.07851914093226
Hair/Body,North America,Hair,Brand A,Body Wash,3682,49,-0.0122732780039837,0.1228885909517353,0.0776386388436737,0.3406787255310416,4134.475791884289,690.1786923238609
Hair/Body,North America,Hair,Brand B,Cream,7879,29,-0.0480742793437065,0.2612999426179533,0.0990618057995608,0.3490344667892977,9937.782247886853,1005.9022731082074
Hair/Body,North America,Hair,Brand B,Lotion,3561,33,-0.1157769354636393,0.1964262422013226,0.0758029202319748,0.4975703820460013,4260.4738484789095,699.562248159934
Hair/Body,North America,Hair,Brand C,Shampoo,6451,47,-0.1477805328515388,0.1725846942160907,0.0802689296827602,0.212215847204836,7564.343862388001,754.4786114135243
Hair/Body,North America,Hair,Brand C,Perfume,7843,45,-0.0219078495667475,0.2715040655902461,0.081278169487062,0.3940507960209182,9972.4063864243,1768.3356036665627
Hair/Body,North America,Hair,Brand D,Cream,4291,11,-0.133915347247003,0.1640540405453019,0.0784184230231496,0.3906041622172238,4994.955887979891,214.6155615930012
Hair/Body,North America,Hair,Brand D,Deodorant,6853,28,-0.1155374123197452,0.2930076017754086,0.0998365273519296,0.374496599819915,8860.981094966875,929.15404151742
Hair/Body,North America,Hair,Brand E,Soap,7826,38,-0.1457749030782239,0.1774027153707112,0.0936162934968869,0.2613484212354738,9214.353650491186,915.0995761192546
Hair/Body,North America,Hair,Brand E,Conditioner,7945,14,-0.1294985413953063,0.2970811550921072,0.0896958416616884,0.4508308021085831,10305.30977720679,650.4331501969787
Hair/Body,North America,Body,Brand A,Body Wash,9326,46,-0.1197339096967725,0.118412242513356,0.0683685457899557,0.4550240439196646,10430.31257367956,2183.1797830460273
Hair/Body,North America,Body,Brand A,Perfume,2346,51,-0.0364984688114263,0.2777676648978163,0.0818564084572304,0.4369584959181922,2997.642941850277,668.0212310970478
Hair/Body,North America,Body,Brand B,Perfume,2051,11,-0.0878880087336046,0.2223362734353829,0.0674345970619911,0.4778356472987587,2507.0116968159705,131.77335126269804
Hair/Body,North America,Body,Brand B,Soap,3515,31,-0.077903652707161,0.2968960094643083,0.0611765756041349,0.4420769449233785,4558.589473267044,624.7266653255482
Hair/Body,North America,Body,Brand C,Lotion,9291,34,-0.128486508316117,0.2810210221384274,0.0688100102790069,0.4796834822565636,11901.96631668813,1941.120060486358
Hair/Body,North America,Body,Brand C,Cream,2179,50,-0.0229364044376996,0.1798721937521955,0.0729733006101407,0.3820116057923956,2570.941510186034,491.06474735224674
Hair/Body,North America,Body,Brand D,Soap,2398,59,-0.1498069925748401,0.2169087117019313,0.0768927096569446,0.4939430153957482,2918.1470906612312,850.4250402644276
Hair/Body,North America,Body,Brand D,Body Wash,1581,46,-0.0347570560675562,0.2374676083457955,0.0969286016300792,0.3909212299689771,1956.436288794703,351.81374097092043
Hair/Body,North America,Body,Brand E,Deodorant,5755,53,-0.115822699915677,0.2952244196044529,0.0726959663163536,0.3378898983231593,7454.016534823626,1334.8775511968727
Hair/Body,North America,Body,Brand E,Body Wash,5235,54,-0.0655460438535254,0.128734458095431,0.090881966221813,0.2691974800557812,5908.924888129582,858.960552450621
Hair/Body,North America,Fragrance,Brand A,Cream,7433,10,-0.1125418544241966,0.2816383961951701,0.0541870377641543,0.2256237432739114,9526.418198918698,214.938613403275
Hair/Body,North America,Fragrance,Brand A,Lotion,7391,19,-0.0634496869129408,0.2615074077904862,0.0761608567748339,0.2195997729053325,9323.801250979484,389.0258810926145
Hair/Body,North America,Fragrance,Brand B,Conditioner,4571,18,-0.0430962155010965,0.2181458111362815,0.0827836505967277,0.2077789260705239,5568.144502703943,208.24975529591697
Hair/Body,North America,Fragrance,Brand B,Shampoo,3126,37,-0.0297953189369271,0.1410568281692566,0.0840986499339071,0.4383454577010729,3566.943644857096,578.5148115015622
Hair/Body,North America,Fragrance,Brand C,Shampoo,1608,49,-0.1280320330665221,0.2143981033891864,0.0545677178214737,0.3199761914005321,1952.7521502498118,306.1687559352058
Hair/Body,North America,Fragrance,Brand C,Cream,1662,18,-0.006358101735133,0.1096238089985967,0.0531538932355691,0.3235348797538082,1844.1947705556674,107.39904000017934
Hair/Body,North America,Fragrance,Brand D,Shampoo,1842,52,-0.0291614536231047,0.234848205709713,0.0983679972492805,0.2602170000068616,2274.590394917291,307.78128618109605
Hair/Body,North America,Fragrance,Brand D,Perfume,9113,21,-0.0625152312535337,0.2554574235557996,0.0787833116654614,0.4492628534327234,11440.983500864002,1079.4018676717228
Hair/Body,North America,Fragrance,Brand E,Perfume,6286,15,-0.0689769277255453,0.102457319976242,0.0880939577938281,0.2013421515799631,6930.046713370657,209.296577372955
Hair/Body,North America,Fragrance,Brand E,Conditioner,4505,55,-0.1186665754762544,0.1535208677361722,0.0621947834935875,0.2410417636643114,5196.611509151456,688.9302217842693
Hair/Body,North America,Skincare,Brand A,Perfume,7543,48,-0.0042254009912156,0.1243696767341473,0.0674061684338042,0.3727939738483929,8481.120471605673,1517.6210895824806
Hair/Body,North America,Skincare,Brand A,Shampoo,2645,14,-0.0609849484828364,0.1117418941340875,0.0847561577416972,0.4106628159806134,2940.5573099846615,169.060856365895
Hair/Body,North America,Skincare,Brand B,Conditioner,2165,20,-0.0752677881157656,0.1236204532670234,0.0659231576026596,0.207109263735579,2432.6382813231053,100.76438467596253
Hair/Body,North America,Skincare,Brand B,Cream,7782,48,-0.1240375810895115,0.1634814314155305,0.0990476231355692,0.276063516812787,9054.212499275658,1199.7781173697592
Hair/Body,North America,Skincare,Brand C,Body Wash,1075,12,-0.1444981324704946,0.2946087851864858,0.0807948161287961,0.2618032092759763,1391.7044440754723,43.72232277871165
Hair/Body,North America,Skincare,Brand C,Cream,3959,45,-0.1122877034583066,0.1909994010975247,0.0905397946200869,0.4354358561890995,4715.1666289451005,923.918678167041
Hair/Body,North America,Skincare,Brand D,Conditioner,9137,23,-0.1406929054641012,0.2091237815423171,0.0924608503665886,0.2395360744439102,11047.763991952152,608.6577441434504
Hair/Body,North America,Skincare,Brand D,Lotion,8073,55,-0.0561022531697097,0.2788480830923064,0.0620022193987539,0.3782464446760867,10324.140574804189,2147.7882067156984
Hair/Body,North America,Skincare,Brand E,Soap,7751,55,-0.1438152351386173,0.2162153276075361,0.0584786687437855,0.3565699244644366,9426.885004286012,1848.7390206522564
Hair/Body,North America,Skincare,Brand E,Body Wash,5595,50,-0.1094390391383584,0.1575457178679596,0.0754917514528604,0.4721536126699301,6476.468291471234,1528.9439505801965
Hair/Body,Europe,Hair,Brand A,Perfume,4187,11,-0.149624576694649,0.2593501872195885,0.0533333559317671,0.3758631808428905,5272.899233888417,218.0077546144675
Hair/Body,Europe,Hair,Brand A,Cream,5355,54,-0.0179605714893467,0.1414784629328424,0.0516970907666733,0.247068912135383,6112.617169005372,815.5283440929599
Hair/Body,Europe,Hair,Brand B,Deodorant,7162,43,-0.0987669677235688,0.1188519309130509,0.0554552480617016,0.4145973258707089,8013.217529199271,1428.5711804673122
Hair/Body,Europe,Hair,Brand B,Cream,1197,38,-0.0304232834659376,0.2693520024175583,0.0559229164361691,0.330218175386011,1519.414346893817,190.66052864890946
Hair/Body,Europe,Hair,Brand C,Soap,5094,59,-0.1067772219762084,0.1527110181030787,0.0789149415571836,0.4765574181224062,5871.909926217082,1650.9983179923513
Hair/Body,Europe,Hair,Brand C,Conditioner,1310,19,-0.0528509824963329,0.2437085483112294,0.0929420590456835,0.483661637741772,1629.2581982877105,149.72184081272812
Hair/Body,Europe,Hair,Brand D,Cream,8154,22,-0.1059996406266763,0.2031386914839318,0.0644501205910975,0.3976365834384711,9810.392890359979,858.213644444598
Hair/Body,Europe,Hair,Brand D,Conditioner,9712,31,-0.0054392693165012,0.2720770859574931,0.0798028941975435,0.4713434461671059,12354.412658819172,1805.1831457732872
Hair/Body,Europe,Hair,Brand E,Deodorant,4284,47,-0.0145522524254806,0.2470734768491322,0.0698901186471282,0.4189412574512936,5342.462774821683,1051.9436942021457
Hair/Body,Europe,Hair,Brand E,Cream,5039,18,-0.0489261660124304,0.2506873305396742,0.0623916426710131,0.3916141709403689,6302.213458589418,444.24649776145134
Hair/Body,Europe,Body,Brand A,Soap,3270,30,-0.119868800218303,0.2001096950089876,0.0937623388366327,0.2711144483818323,3924.3587026793894,319.18510347880965
Hair/Body,Europe,Body,Brand A,Deodorant,7386,42,-0.0635403967072437,0.1484261811277232,0.079337055515555,0.2923689452118696,8482.275773809364,1041.5806888136324
Hair/Body,Europe,Body,Brand B,Cream,1564,59,-0.0556213295723418,0.1515078445770908,0.0932677284557546,0.3776174844712971,1800.95826891857,401.24326537661915
Hair/Body,Europe,Body,Brand B,Deodorant,5398,28,-0.0671617972298821,0.2659149389646582,0.0512345951378217,0.2093977439071623,6833.408840531225,400.652110432699
Hair/Body,Europe,Body,Brand C,Conditioner,5262,37,-0.0248991344408268,0.2112911419379019,0.0967140520694864,0.4864451901610991,6373.81398887724,1147.1891284122191
Hair/Body,Europe,Body,Brand C,Deodorant,8984,40,-0.0270871657551152,0.2017599185115342,0.0726968432334709,0.4070718466947539,10796.611107907624,1757.9985686964199
Hair/Body,Europe,Body,Brand D,Body Wash,9251,46,-0.0576103081587532,0.2775599683419051,0.0531743405240988,0.4539745458208959,11818.707267130963,2468.0804413415144
Hair/Body,Europe,Body,Brand D,Perfume,5465,58,-0.1424110377475238,0.2881227208686194,0.0990546100162108,0.2952066764500199,7039.590669547006,1205.3178157728144
Hair/Body,Europe,Body,Brand E,Deodorant,3953,19,-0.1318522838001153,0.1424342311525392,0.0643457236587834,0.4184019085781664,4516.042515745988,359.0089534835704
Hair/Body,Europe,Body,Brand E,Perfume,7758,54,-0.1105855767763496,0.2658393702414705,0.0750216296410812,0.2248298621889281,9820.381834333328,1192.27415100614
Hair/Body,Europe,Fragrance,Brand A,Perfume,7602,27,-0.1406553280415673,0.2849811517000475,0.0881310097331481,0.2620285018092665,9768.42671522376,691.0936786503981
Hair/Body,Europe,Fragrance,Brand A,Lotion,8946,41,-0.0863463254215392,0.1706709740748159,0.0516928968718426,0.4850630952673138,10472.822534073302,2082.791682970776
Hair/Body,Europe,Fragrance,Brand B,Lotion,2833,59,-0.0259235840409302,0.1854204280872923,0.0598390635524125,0.3411940592854258,3358.2960727712994,676.0400949171745
Hair/Body,Europe,Fragrance,Brand B,Deodorant,7682,26,-0.0256770986300726,0.1012934911022194,0.0512873133932601,0.4106180159948855,8460.13659864725,903.2099713473857
Hair/Body,Europe,Fragrance,Brand C,Deodorant,5282,48,-0.1406114316721879,0.1056991949476243,0.0807546499445539,0.3127779599108562,5840.303147713351,876.8246898253122
Hair/Body,Europe,Fragrance,Brand C,Body Wash,7603,33,-0.0780373301553656,0.1227131485760931,0.090596523235451,0.2776278677996823,8535.988068624036,782.0432951283544
Hair/Body,Europe,Fragrance,Brand D,Deodorant,9677,22,-0.1279561742518729,0.1117727990427373,0.0636397700075511,0.4379969761244788,10758.62537633657,1036.69398406013
Hair/Body,Europe,Fragrance,Brand D,Perfume,7600,46,-0.0465371280348883,0.2626268468528111,0.0655117863893992,0.405664066334637,9595.964036081365,1790.6593839877428
Hair/Body,Europe,Fragrance,Brand E,Shampoo,8740,53,-0.1077247049299301,0.1411181604662309,0.0608264665175662,0.2341653975010675,9973.372722474858,1237.7719576318534
Hair/Body,Europe,Fragrance,Brand E,Conditioner,7882,12,-0.1155979067236324,0.2408052728900446,0.0542912332006691,0.3922393171715348,9780.027160919333,460.3333410621676
Hair/Body,Europe,Skincare,Brand A,Shampoo,1834,27,-0.0257623018273241,0.1071636226951142,0.0520364853357157,0.221728794273347,2030.5380840228395,121.56176549605401
Hair/Body,Europe,Skincare,Brand A,Lotion,7773,15,-0.0472599278422454,0.1251870884353441,0.0599783645736995,0.2240556482647067,8746.07923840793,293.94126803039717
Hair/Body,Europe,Skincare,Brand B,Conditioner,5412,39,-0.0381009096663786,0.2507108854440165,0.0776345886732253,0.4109303895488663,6768.847312023017,1084.794774463302
Hair/Body,Europe,Skincare,Brand B,Body Wash,9731,56,-0.0169924134616709,0.119525761667078,0.0690282850882556,0.2576665605193197,10894.105186782335,1571.9461035117758
Hair/Body,Europe,Skincare,Brand C,Cream,9184,46,-0.0686066191143765,0.207486241122001,0.0902974789675129,0.3455794977395213,11089.553638464458,1762.868293206573
Hair/Body,Europe,Skincare,Brand C,Body Wash,5944,17,-0.0843410197811103,0.1204846823018421,0.07312280606645,0.3212310250802793,6660.16095160215,363.70655604607725
Hair/Body,Europe,Skincare,Brand D,Cream,5597,44,-0.0293365356576083,0.2246376573529911,0.0916365238444211,0.2033287336200412,6854.296968204691,613.217229856329
Hair/Body,Europe,Skincare,Brand D,Soap,9706,54,-0.1022272372396432,0.1821873474719355,0.0882421787652262,0.4907340383372424,11474.310394562606,3040.650725611701
Hair/Body,Europe,Skincare,Brand E,Deodorant,4688,40,-0.0840107837323973,0.1798521102787325,0.0936367375349184,0.2233402893899903,5531.146692986698,494.1311612280548
Hair/Body,Europe,Skincare,Brand E,Lotion,3786,46,-0.0271842527943476,0.2783671209247073,0.0966250349213142,0.3266535587340952,4839.897919820942,727.2461445328573
Hair/Body,Asia,Hair,Brand A,Conditioner,4602,46,-0.0645154306924682,0.1983056277714905,0.0618797121314339,0.3394685793946956,5514.6024990044,861.1357670811924
Hair/Body,Asia,Hair,Brand A,Soap,2207,59,-0.0282919656980553,0.2873440584610899,0.0768411507745749,0.4676260535996915,2841.168337023625,783.8765588623061
Hair/Body,Asia,Hair,Brand B,Soap,2245,28,-0.0175176654559761,0.2369202068270501,0.086890009297302,0.3634038912174261,2776.8858643267276,282.55671599763957
Hair/Body,Asia,Hair,Brand B,Cream,9626,53,-0.0829553006803269,0.1889212751129857,0.0762112654113245,0.426242139976824,11444.556194237599,2585.420625357931
Hair/Body,Asia,Hair,Brand C,Cream,9012,37,-0.046494144593596,0.2235022770282397,0.0824846446746472,0.3645254065342653,11026.202520578498,1487.1524538469164
Hair/Body,Asia,Hair,Brand C,Soap,7423,23,-0.0744198566173619,0.2322197156189165,0.0597118324723814,0.4209279371147549,9146.766949039218,885.5298409195547
Hair/Body,Asia,Hair,Brand D,Shampoo,3937,18,-0.0365871091833594,0.1233726838742124,0.0857437775008437,0.2191938062090133,4422.718256412774,174.49784071437722
Hair/Body,Asia,Hair,Brand D,Body Wash,6538,17,-0.0493790583215812,0.239786524201049,0.0894238426701991,0.3377518884584891,8105.724295226459,465.4130269662207
Hair/Body,Asia,Hair,Brand E,Lotion,2575,39,-0.0365699337761518,0.1798078608126539,0.081205727110689,0.3493924818835967,3038.005241592584,413.9679146208094
Hair/Body,Asia,Hair,Brand E,Deodorant,9529,22,-0.1322246910177805,0.2310747491085915,0.0644420959320273,0.3955473405880373,11730.91128425577,1020.8287674555448
Hair/Body,Asia,Body,Brand A,Soap,1142,47,-0.0436722569306606,0.1093423620904957,0.0873795109291919,0.3460998552532857,1266.868977507346,206.07768977788012
Hair/Body,Asia,Body,Brand A,Shampoo,1083,46,-0.0372064436206869,0.2237018542121825,0.0957651987865391,0.3950350115688832,1325.2691081117937,240.82274082921998
Hair/Body,Asia,Body,Brand B,Body Wash,5192,14,-0.0704232416208175,0.2289903118367384,0.0604676254362417,0.4294541215032876,6380.9176990563465,383.6435966766232
Hair/Body,Asia,Body,Brand B,Conditioner,3760,34,-0.0759571083133789,0.2694684804970816,0.0542264224499744,0.3186280102482253,4773.201486669026,517.0977353518158
Hair/Body,Asia,Body,Brand C,Cream,9279,58,-0.0634508907690162,0.1066337726665525,0.0565806346597727,0.3165394605052728,10268.45477657294,1885.2152584155301
Hair/Body,Asia,Body,Brand C,Soap,8377,51,-0.0190331270341415,0.1205118597226845,0.0959588456272465,0.3701584443236164,9386.527848896927,1771.9962985354737
Hair/Body,Asia,Body,Brand D,Shampoo,1810,28,-0.1375972195536306,0.2549789138785148,0.0750075147357402,0.3757853825381743,2271.511834120112,239.00826418694854
Hair/Body,Asia,Body,Brand D,Deodorant,6749,47,-0.0623998398260344,0.294596506595615,0.0769525144377184,0.3698123528814255,8737.231823013806,1518.634041325425
Hair/Body,Asia,Body,Brand E,Lotion,8353,23,-0.036487587714689,0.2591773562345369,0.0836347906156737,0.4583664768953971,10517.908456627087,1108.8430280216662
Hair/Body,Asia,Body,Brand E,Conditioner,6818,56,-0.0283973329918194,0.239853614000367,0.0886985026789259,0.3092422659995517,8453.321940254504,1463.9096819356967
